id,game,ord,pos,PA,AB,H,BB,R,RBI,K,1B,2B,3B,HR,HBP,SB,CS,IBB,GIDP,INT,SH,SF,team,opp,loc,age,rookie,regpost,gs
benam001,SFN200010040,1,8,4,4,0,0,0,0,2,0,0,0,0,0,0,0,0,0,0,0,0,SFN,NYN,1,30,0,3,0
davir002,SFN200010040,1,11,1,1,0,0,0,0,1,0,0,0,0,0,0,0,0,0,0,0,0,SFN,NYN,1,30,0,3,0
nen-r001,SFN200010040,1,1,0,0,0,0,0,0,0,0,0,0,0,0,0,0,0,0,0,0,0,SFN,NYN,1,30,0,3,0
muelb001,SFN200010040,2,5,5,5,2,0,2,0,1,1,1,0,0,0,0,0,0,0,0,0,0,SFN,NYN,1,30,0,3,0
bondb001,SFN200010040,3,7,4,3,2,1,1,1,0,1,0,1,0,0,1,0,0,0,0,0,0,SFN,NYN,1,30,0,3,0
kentj001,SFN200010040,4,4,4,3,1,1,1,1,0,1,0,0,0,0,0,0,0,0,0,0,0,SFN,NYN,1,30,0,3,0
burke001,SFN200010040,5,9,4,3,1,1,1,3,0,0,0,0,1,0,0,0,0,0,0,0,0,SFN,NYN,1,30,0,3,0
aurir001,SFN200010040,6,6,4,4,2,0,0,0,1,1,1,0,0,0,0,0,0,0,0,0,0,SFN,NYN,1,30,0,3,0
snowj001,SFN200010040,7,3,4,3,1,1,0,0,0,1,0,0,0,0,0,0,1,0,0,0,0,SFN,NYN,1,30,0,3,0
estab001,SFN200010040,8,2,4,4,0,0,0,0,1,0,0,0,0,0,0,0,0,0,0,0,0,SFN,NYN,1,30,0,3,0
hernl003,SFN200010040,9,1,3,3,0,0,0,0,1,0,0,0,0,0,0,0,0,0,0,0,0,SFN,NYN,1,30,0,3,0
rodrf002,SFN200010040,9,1,0,0,0,0,0,0,0,0,0,0,0,0,0,0,0,0,0,0,0,SFN,NYN,1,30,0,3,0
cresf001,SFN200010040,9,11,1,1,1,0,0,0,0,1,0,0,0,0,0,0,0,0,0,0,0,SFN,NYN,1,30,0,3,0
murrc001,SFN200010040,9,8,0,0,0,0,0,0,0,0,0,0,0,0,0,0,0,0,0,0,0,SFN,NYN,1,30,0,3,0
agbab001,SFN200010040,1,7,4,3,1,1,0,0,2,1,0,0,0,0,0,0,0,0,0,0,0,NYN,SFN,0,30,0,3,0
cookd001,SFN200010040,1,1,0,0,0,0,0,0,0,0,0,0,0,0,0,0,0,0,0,0,0,NYN,SFN,0,30,0,3,0
whitr002,SFN200010040,1,1,0,0,0,0,0,0,0,0,0,0,0,0,0,0,0,0,0,0,0,NYN,SFN,0,30,0,3,0
mcewj001,SFN200010040,1,7,0,0,0,0,0,0,0,0,0,0,0,0,0,0,0,0,0,0,0,NYN,SFN,0,30,0,3,0
harrl001,SFN200010040,1,11,1,1,0,0,0,0,0,0,0,0,0,0,0,0,0,0,0,0,0,NYN,SFN,0,30,0,3,0
paytj001,SFN200010040,2,8,4,3,0,0,0,1,1,0,0,0,0,0,0,0,0,0,0,0,1,NYN,SFN,0,30,0,3,0
alfoe001,SFN200010040,3,4,4,4,1,0,0,0,0,1,0,0,0,0,0,0,0,0,0,0,0,NYN,SFN,0,30,0,3,0
piazm001,SFN200010040,4,2,4,3,0,1,0,0,0,0,0,0,0,0,0,0,0,0,0,0,0,NYN,SFN,0,30,0,3,0
ventr001,SFN200010040,5,5,4,4,0,0,0,0,0,0,0,0,0,0,0,0,0,0,0,0,0,NYN,SFN,0,30,0,3,0
zeilt001,SFN200010040,6,3,4,3,1,1,0,0,0,0,1,0,0,0,0,0,0,0,0,0,0,NYN,SFN,0,30,0,3,0
belld001,SFN200010040,7,9,1,1,0,0,0,0,0,0,0,0,0,0,0,0,0,0,0,0,0,NYN,SFN,0,30,0,3,0
hamid001,SFN200010040,7,9,3,2,0,1,0,0,1,0,0,0,0,0,0,0,0,0,0,0,0,NYN,SFN,0,30,0,3,0
ruscg001,SFN200010040,7,1,0,0,0,0,0,0,0,0,0,0,0,0,0,0,0,0,0,0,0,NYN,SFN,0,30,0,3,0
bordm001,SFN200010040,8,6,4,3,1,1,1,0,1,1,0,0,0,0,0,0,0,0,0,0,0,NYN,SFN,0,30,0,3,0
hampm001,SFN200010040,9,1,2,2,1,0,0,0,1,1,0,0,0,0,0,0,0,0,0,0,0,NYN,SFN,0,30,0,3,0
wendt001,SFN200010040,9,1,0,0,0,0,0,0,0,0,0,0,0,0,0,0,0,0,0,0,0,NYN,SFN,0,30,0,3,0
peret004,SFN200010040,9,11,2,2,0,0,0,0,0,0,0,0,0,0,0,0,0,0,0,0,0,NYN,SFN,0,30,0,3,0
murrc001,SFN200010050,1,8,4,4,1,0,0,0,2,1,0,0,0,0,0,0,0,0,0,0,0,SFN,NYN,1,30,0,3,0
benam001,SFN200010050,1,11,1,0,0,0,0,0,0,0,0,0,0,0,0,0,0,0,0,1,0,SFN,NYN,1,30,0,3,0
muelb001,SFN200010050,2,5,5,5,1,0,0,0,2,1,0,0,0,0,0,0,0,1,0,0,0,SFN,NYN,1,30,0,3,0
bondb001,SFN200010050,3,7,5,5,1,0,1,0,1,0,1,0,0,0,0,0,0,0,0,0,0,SFN,NYN,1,30,0,3,0
kentj001,SFN200010050,4,3,4,4,2,0,2,0,0,2,0,0,0,0,1,0,0,0,0,0,0,SFN,NYN,1,30,0,3,0
burke001,SFN200010050,5,9,4,3,1,1,0,1,1,0,1,0,0,0,0,0,0,0,0,0,0,SFN,NYN,1,30,0,3,0
martr003,SFN200010050,6,4,3,3,0,0,0,0,1,0,0,0,0,0,0,0,0,0,0,0,0,SFN,NYN,1,30,0,3,0
snowj001,SFN200010050,6,11,1,1,1,0,1,3,0,0,0,0,1,0,0,0,0,0,0,0,0,SFN,NYN,1,30,0,3,0
aurir001,SFN200010050,7,6,4,4,0,0,0,0,0,0,0,0,0,0,0,0,0,0,0,0,0,SFN,NYN,1,30,0,3,0
estab001,SFN200010050,8,2,4,4,0,0,0,0,0,0,0,0,0,0,0,0,0,0,0,0,0,SFN,NYN,1,30,0,3,0
estes001,SFN200010050,9,1,1,0,0,1,0,0,0,0,0,0,0,0,0,0,0,0,0,0,0,SFN,NYN,1,30,0,3,0
ruetk001,SFN200010050,9,1,1,0,0,1,0,0,0,0,0,0,0,0,0,0,0,0,0,0,0,SFN,NYN,1,30,0,3,0
henrd002,SFN200010050,9,1,0,0,0,0,0,0,0,0,0,0,0,0,0,0,0,0,0,0,0,SFN,NYN,1,30,0,3,0
cresf001,SFN200010050,9,11,1,1,0,0,0,0,0,0,0,0,0,0,0,0,0,0,0,0,0,SFN,NYN,1,30,0,3,0
rodrf002,SFN200010050,9,1,0,0,0,0,0,0,0,0,0,0,0,0,0,0,0,0,0,0,0,SFN,NYN,1,30,0,3,0
riosa001,SFN200010050,9,11,1,1,1,0,0,0,0,1,0,0,0,0,0,0,0,0,0,0,0,SFN,NYN,1,30,0,3,0
peret004,SFN200010050,1,9,5,5,3,0,1,2,1,3,0,0,0,0,0,0,0,0,0,0,0,NYN,SFN,0,30,0,3,0
alfoe001,SFN200010050,2,4,5,5,1,0,1,2,1,0,0,0,1,0,0,0,0,0,0,0,0,NYN,SFN,0,30,0,3,0
piazm001,SFN200010050,3,2,5,4,2,1,0,0,0,1,1,0,0,0,0,0,0,0,0,0,0,NYN,SFN,0,30,0,3,0
zeilt001,SFN200010050,4,3,5,5,0,0,0,0,1,0,0,0,0,0,0,0,0,0,0,0,0,NYN,SFN,0,30,0,3,0
ventr001,SFN200010050,5,5,5,3,0,1,0,0,0,0,0,0,0,1,0,0,0,0,0,0,0,NYN,SFN,0,30,0,3,0
agbab001,SFN200010050,6,7,4,2,1,2,0,0,0,1,0,0,0,0,0,0,0,0,0,0,0,NYN,SFN,0,30,0,3,0
mcewj001,SFN200010050,6,12,0,0,0,0,0,0,0,0,0,0,0,0,0,0,0,0,0,0,0,NYN,SFN,0,30,0,3,0
hamid001,SFN200010050,6,11,1,1,1,0,1,0,0,0,1,0,0,0,0,0,0,0,0,0,0,NYN,SFN,0,30,0,3,0
paytj001,SFN200010050,7,8,5,5,1,0,1,1,0,1,0,0,0,0,0,0,0,1,0,0,0,NYN,SFN,0,30,0,3,0
bordm001,SFN200010050,8,6,5,4,1,1,1,0,2,1,0,0,0,0,0,0,0,0,0,0,0,NYN,SFN,0,30,0,3,0
leita001,SFN200010050,9,1,4,4,0,0,0,0,2,0,0,0,0,0,0,0,0,1,0,0,0,NYN,SFN,0,30,0,3,0
benia001,SFN200010050,9,1,0,0,0,0,0,0,0,0,0,0,0,0,0,0,0,0,0,0,0,NYN,SFN,0,30,0,3,0
franj001,SFN200010050,9,1,0,0,0,0,0,0,0,0,0,0,0,0,0,0,0,0,0,0,0,NYN,SFN,0,30,0,3,0
peret004,NYN200010070,1,9,6,6,1,0,0,1,0,1,0,0,0,0,0,0,0,0,0,0,0,NYN,SFN,1,30,0,3,0
alfoe001,NYN200010070,2,4,6,5,2,1,0,1,0,1,1,0,0,0,0,1,0,0,0,0,0,NYN,SFN,1,30,0,3,0
piazm001,NYN200010070,3,2,5,4,1,1,0,0,3,1,0,0,0,0,0,0,1,0,0,0,0,NYN,SFN,1,30,0,3,0
mcewj001,NYN200010070,3,12,1,1,1,0,0,0,0,1,0,0,0,0,0,0,0,0,0,0,0,NYN,SFN,1,30,0,3,0
ventr001,NYN200010070,4,5,6,5,1,1,0,0,1,1,0,0,0,0,0,0,0,1,0,0,0,NYN,SFN,1,30,0,3,0
agbab001,NYN200010070,5,7,6,6,1,0,1,1,1,0,0,0,1,0,0,0,0,0,0,0,0,NYN,SFN,1,30,0,3,0
paytj001,NYN200010070,6,8,5,5,1,0,0,0,2,1,0,0,0,0,1,0,0,0,0,0,0,NYN,SFN,1,30,0,3,0
zeilt001,NYN200010070,7,3,5,3,0,2,0,0,1,0,0,0,0,0,0,0,0,0,0,0,0,NYN,SFN,1,30,0,3,0
whitr002,NYN200010070,7,1,0,0,0,0,0,0,0,0,0,0,0,0,0,0,0,0,0,0,0,NYN,SFN,1,30,0,3,0
bordm001,NYN200010070,8,6,4,2,0,1,1,0,1,0,0,0,0,1,0,0,0,0,0,0,0,NYN,SFN,1,30,0,3,0
benia001,NYN200010070,8,1,0,0,0,0,0,0,0,0,0,0,0,0,0,0,0,0,0,0,0,NYN,SFN,1,30,0,3,0
pratt001,NYN200010070,8,11,1,1,0,0,0,0,0,0,0,0,0,0,0,0,0,0,0,0,0,NYN,SFN,1,30,0,3,0
reedr002,NYN200010070,9,1,1,1,0,0,0,0,0,0,0,0,0,0,0,0,0,0,0,0,0,NYN,SFN,1,30,0,3,0
hamid001,NYN200010070,9,11,1,1,1,0,0,0,0,1,0,0,0,0,0,0,0,0,0,0,0,NYN,SFN,1,30,0,3,0
cookd001,NYN200010070,9,1,0,0,0,0,0,0,0,0,0,0,0,0,0,0,0,0,0,0,0,NYN,SFN,1,30,0,3,0
wendt001,NYN200010070,9,1,0,0,0,0,0,0,0,0,0,0,0,0,0,0,0,0,0,0,0,NYN,SFN,1,30,0,3,0
harrl001,NYN200010070,9,11,1,1,0,0,1,0,0,0,0,0,0,0,1,0,0,0,0,0,0,NYN,SFN,1,30,0,3,0
franj001,NYN200010070,9,1,0,0,0,0,0,0,0,0,0,0,0,0,0,0,0,0,0,0,0,NYN,SFN,1,30,0,3,0
abbok002,NYN200010070,9,6,2,2,0,0,0,0,1,0,0,0,0,0,0,0,0,0,0,0,0,NYN,SFN,1,30,0,3,0
benam001,NYN200010070,1,8,7,6,1,1,0,1,4,1,0,0,0,0,0,0,0,0,0,0,0,SFN,NYN,0,30,0,3,0
muelb001,NYN200010070,2,5,7,6,2,0,0,0,1,1,1,0,0,0,0,0,0,0,0,1,0,SFN,NYN,0,30,0,3,0
bondb001,NYN200010070,3,7,7,5,0,2,0,0,1,0,0,0,0,0,0,0,1,0,0,0,0,SFN,NYN,0,30,0,3,0
kentj001,NYN200010070,4,4,6,6,2,0,0,0,3,2,0,0,0,0,0,0,0,0,0,0,0,SFN,NYN,0,30,0,3,0
burke001,NYN200010070,5,9,6,4,1,2,1,0,1,1,0,0,0,0,0,0,0,0,0,0,0,SFN,NYN,0,30,0,3,0
fulta001,NYN200010070,5,1,0,0,0,0,0,0,0,0,0,0,0,0,0,0,0,0,0,0,0,SFN,NYN,0,30,0,3,0
snowj001,NYN200010070,6,3,6,4,2,2,0,0,1,2,0,0,0,0,0,0,1,0,0,0,0,SFN,NYN,0,30,0,3,0
aurir001,NYN200010070,7,6,4,4,0,0,0,0,2,0,0,0,0,0,0,0,0,0,0,0,0,SFN,NYN,0,30,0,3,0
nen-r001,NYN200010070,7,1,0,0,0,0,0,0,0,0,0,0,0,0,0,0,0,0,0,0,0,SFN,NYN,0,30,0,3,0
riosa001,NYN200010070,7,11,1,1,0,0,0,0,0,0,0,0,0,0,0,0,0,0,0,0,0,SFN,NYN,0,30,0,3,0
mirad001,NYN200010070,7,2,1,1,0,0,0,0,0,0,0,0,0,0,0,0,0,0,0,0,0,SFN,NYN,0,30,0,3,0
estab001,NYN200010070,8,2,4,4,1,0,1,1,1,1,0,0,0,0,0,0,0,0,0,0,0,SFN,NYN,0,30,0,3,0
cresf001,NYN200010070,8,11,1,1,0,0,0,0,0,0,0,0,0,0,0,0,0,0,0,0,0,SFN,NYN,0,30,0,3,0
rodrf002,NYN200010070,8,1,0,0,0,0,0,0,0,0,0,0,0,0,0,0,0,0,0,0,0,SFN,NYN,0,30,0,3,0
murrc001,NYN200010070,8,8,1,1,0,0,0,0,1,0,0,0,0,0,0,0,0,0,0,0,0,SFN,NYN,0,30,0,3,0
ortir001,NYN200010070,9,1,3,3,0,0,0,0,1,0,0,0,0,0,0,0,0,0,0,0,0,SFN,NYN,0,30,0,3,0
embra001,NYN200010070,9,1,0,0,0,0,0,0,0,0,0,0,0,0,0,0,0,0,0,0,0,SFN,NYN,0,30,0,3,0
henrd002,NYN200010070,9,1,0,0,0,0,0,0,0,0,0,0,0,0,0,0,0,0,0,0,0,SFN,NYN,0,30,0,3,0
martr003,NYN200010070,9,6,3,3,2,0,0,0,1,2,0,0,0,0,0,0,0,0,0,0,0,SFN,NYN,0,30,0,3,0
peret004,NYN200010080,1,9,4,4,1,0,1,0,1,0,1,0,0,0,1,0,0,0,0,0,0,NYN,SFN,1,30,0,3,0
alfoe001,NYN200010080,2,4,4,4,1,0,0,2,1,0,1,0,0,0,0,0,0,0,0,0,0,NYN,SFN,1,30,0,3,0
piazm001,NYN200010080,3,2,4,3,0,1,1,0,0,0,0,0,0,0,0,0,0,0,0,0,0,NYN,SFN,1,30,0,3,0
ventr001,NYN200010080,4,5,4,2,1,2,1,2,0,0,0,0,1,0,0,0,1,0,0,0,0,NYN,SFN,1,30,0,3,0
agbab001,NYN200010080,5,7,4,4,2,0,0,0,0,1,1,0,0,0,0,0,0,0,0,0,0,NYN,SFN,1,30,0,3,0
mcewj001,NYN200010080,5,12,0,0,0,0,0,0,0,0,0,0,0,0,0,0,0,0,0,0,0,NYN,SFN,1,30,0,3,0
paytj001,NYN200010080,6,8,4,4,1,0,0,0,1,1,0,0,0,0,0,1,0,0,0,0,0,NYN,SFN,1,30,0,3,0
zeilt001,NYN200010080,7,3,4,3,0,1,0,0,1,0,0,0,0,0,0,0,0,0,0,0,0,NYN,SFN,1,30,0,3,0
bordm001,NYN200010080,8,6,4,3,0,0,0,0,0,0,0,0,0,1,0,0,0,0,0,0,0,NYN,SFN,1,30,0,3,0
joneb003,NYN200010080,9,1,4,4,0,0,1,0,3,0,0,0,0,0,0,0,0,0,0,0,0,NYN,SFN,1,30,0,3,0
benam001,NYN200010080,1,8,4,4,0,0,0,0,1,0,0,0,0,0,0,0,0,0,0,0,0,SFN,NYN,0,30,0,3,0
muelb001,NYN200010080,2,5,4,4,0,0,0,0,0,0,0,0,0,0,0,0,0,0,0,0,0,SFN,NYN,0,30,0,3,0
bondb001,NYN200010080,3,7,4,4,0,0,0,0,2,0,0,0,0,0,0,0,0,0,0,0,0,SFN,NYN,0,30,0,3,0
kentj001,NYN200010080,4,4,3,3,1,0,0,0,0,0,1,0,0,0,0,0,0,0,0,0,0,SFN,NYN,0,30,0,3,0
burke001,NYN200010080,5,9,3,3,0,0,0,0,0,0,0,0,0,0,0,0,0,0,0,0,0,SFN,NYN,0,30,0,3,0
snowj001,NYN200010080,6,3,3,2,0,1,0,0,0,0,0,0,0,0,0,0,0,0,0,0,0,SFN,NYN,0,30,0,3,0
aurir001,NYN200010080,7,6,3,3,0,0,0,0,0,0,0,0,0,0,0,0,0,0,0,0,0,SFN,NYN,0,30,0,3,0
mirad001,NYN200010080,8,2,2,1,0,1,0,0,1,0,0,0,0,0,0,0,0,0,0,0,0,SFN,NYN,0,30,0,3,0
cresf001,NYN200010080,8,11,1,1,0,0,0,0,0,0,0,0,0,0,0,0,0,0,0,0,0,SFN,NYN,0,30,0,3,0
estab001,NYN200010080,8,2,0,0,0,0,0,0,0,0,0,0,0,0,0,0,0,0,0,0,0,SFN,NYN,0,30,0,3,0
gardm001,NYN200010080,9,1,2,2,0,0,0,0,1,0,0,0,0,0,0,0,0,0,0,0,0,SFN,NYN,0,30,0,3,0
henrd002,NYN200010080,9,1,0,0,0,0,0,0,0,0,0,0,0,0,0,0,0,0,0,0,0,SFN,NYN,0,30,0,3,0
embra001,NYN200010080,9,1,0,0,0,0,0,0,0,0,0,0,0,0,0,0,0,0,0,0,0,SFN,NYN,0,30,0,3,0
davir002,NYN200010080,9,11,1,1,0,0,0,0,0,0,0,0,0,0,0,0,0,0,0,0,0,SFN,NYN,0,30,0,3,0
deltm001,NYN200010080,9,1,0,0,0,0,0,0,0,0,0,0,0,0,0,0,0,0,0,0,0,SFN,NYN,0,30,0,3,0
vinaf001,SLN200010030,1,4,5,5,1,0,1,0,0,1,0,0,0,0,0,0,0,0,0,0,0,SLN,ATL,1,30,0,3,0
drewj001,SLN200010030,2,9,5,4,1,1,1,0,1,1,0,0,0,0,1,0,0,0,0,0,0,SLN,ATL,1,30,0,3,0
edmoj001,SLN200010030,3,8,5,5,3,0,2,2,0,2,0,0,1,0,1,0,0,0,0,0,0,SLN,ATL,1,30,0,3,0
clarw001,SLN200010030,4,3,5,5,1,0,1,1,0,1,0,0,0,0,0,0,0,0,0,0,0,SLN,ATL,1,30,0,3,0
lankr001,SLN200010030,5,7,4,3,0,1,1,1,1,0,0,0,0,0,0,0,1,0,0,0,0,SLN,ATL,1,30,0,3,0
reamb001,SLN200010030,5,1,0,0,0,0,0,0,0,0,0,0,0,0,0,0,0,0,0,0,0,SLN,ATL,1,30,0,3,0
mcgwm001,SLN200010030,5,11,1,0,0,1,0,0,0,0,0,0,0,0,0,0,1,0,0,0,0,SLN,ATL,1,30,0,3,0
kiled001,SLN200010030,5,12,0,0,0,0,0,0,0,0,0,0,0,0,0,0,0,0,0,0,0,SLN,ATL,1,30,0,3,0
vered001,SLN200010030,5,1,0,0,0,0,0,0,0,0,0,0,0,0,0,0,0,0,0,0,0,SLN,ATL,1,30,0,3,0
rente001,SLN200010030,6,6,5,2,0,2,0,0,0,0,0,0,0,0,0,0,0,0,0,1,0,SLN,ATL,1,30,0,3,0
hernc001,SLN200010030,7,2,4,3,1,1,1,0,0,1,0,0,0,0,0,0,1,0,0,0,0,SLN,ATL,1,30,0,3,0
polap001,SLN200010030,8,5,4,4,3,0,0,2,0,3,0,0,0,0,0,0,0,0,0,0,0,SLN,ATL,1,30,0,3,0
ankir001,SLN200010030,9,1,1,1,0,0,0,0,0,0,0,0,0,0,0,0,0,0,0,0,0,SLN,ATL,1,30,0,3,0
jamem001,SLN200010030,9,1,1,1,0,0,0,0,1,0,0,0,0,0,0,0,0,0,0,0,0,SLN,ATL,1,30,0,3,0
dunss001,SLN200010030,9,11,1,1,1,0,0,0,0,1,0,0,0,0,0,0,0,0,0,0,0,SLN,ATL,1,30,0,3,0
timlm001,SLN200010030,9,1,0,0,0,0,0,0,0,0,0,0,0,0,0,0,0,0,0,0,0,SLN,ATL,1,30,0,3,0
paquc001,SLN200010030,9,7,1,1,0,0,0,0,0,0,0,0,0,0,0,0,0,0,0,0,0,SLN,ATL,1,30,0,3,0
furcr001,SLN200010030,1,4,5,5,1,0,0,0,0,1,0,0,0,0,0,1,0,0,0,0,0,ATL,SLN,0,30,0,3,0
jonea002,SLN200010030,2,8,5,2,0,3,2,0,1,0,0,0,0,0,0,1,0,0,0,0,0,ATL,SLN,0,30,0,3,0
jonec004,SLN200010030,3,5,5,4,1,1,0,0,2,1,0,0,0,0,0,0,0,0,0,0,0,ATL,SLN,0,30,0,3,0
galaa001,SLN200010030,4,3,5,2,0,2,1,1,1,0,0,0,0,1,0,0,0,0,0,0,0,ATL,SLN,0,30,0,3,0
jordb001,SLN200010030,5,9,5,4,3,1,1,2,0,2,1,0,0,0,0,0,0,0,0,0,0,ATL,SLN,0,30,0,3,0
sandr002,SLN200010030,6,7,5,4,0,1,0,0,2,0,0,0,0,0,0,0,0,0,0,0,0,ATL,SLN,0,30,0,3,0
weisw001,SLN200010030,7,6,3,3,2,0,0,2,0,1,1,0,0,0,0,0,0,0,0,0,0,ATL,SLN,0,30,0,3,0
bonib001,SLN200010030,7,11,1,1,0,0,0,0,0,0,0,0,0,0,0,0,0,0,0,0,0,ATL,SLN,0,30,0,3,0
lockk001,SLN200010030,7,4,1,1,0,0,0,0,0,0,0,0,0,0,0,0,0,0,0,0,0,ATL,SLN,0,30,0,3,0
bakop001,SLN200010030,8,2,0,0,0,0,0,0,0,0,0,0,0,0,0,0,0,0,0,0,0,ATL,SLN,0,30,0,3,0
lopej001,SLN200010030,8,11,4,4,0,0,0,0,1,0,0,0,0,0,0,0,0,0,0,0,0,ATL,SLN,0,30,0,3,0
maddg002,SLN200010030,9,1,2,1,0,1,1,0,0,0,0,0,0,0,0,0,0,0,0,0,0,ATL,SLN,0,30,0,3,0
remlm001,SLN200010030,9,1,0,0,0,0,0,0,0,0,0,0,0,0,0,0,0,0,0,0,0,ATL,SLN,0,30,0,3,0
joynw001,SLN200010030,9,11,1,1,1,0,0,0,0,0,1,0,0,0,0,0,0,0,0,0,0,ATL,SLN,0,30,0,3,0
mulht001,SLN200010030,9,1,0,0,0,0,0,0,0,0,0,0,0,0,0,0,0,0,0,0,0,ATL,SLN,0,30,0,3,0
surhb001,SLN200010030,9,11,1,1,0,0,0,0,0,0,0,0,0,0,0,0,0,0,0,0,0,ATL,SLN,0,30,0,3,0
rockj001,SLN200010030,9,1,0,0,0,0,0,0,0,0,0,0,0,0,0,0,0,0,0,0,0,ATL,SLN,0,30,0,3,0
ligtk001,SLN200010030,9,1,0,0,0,0,0,0,0,0,0,0,0,0,0,0,0,0,0,0,0,ATL,SLN,0,30,0,3,0
vinaf001,SLN200010050,1,4,5,4,1,0,1,0,0,1,0,0,0,1,0,0,0,0,0,0,0,SLN,ATL,1,30,0,3,0
rente001,SLN200010050,2,6,5,4,1,1,3,0,1,1,0,0,0,0,1,0,0,0,0,0,0,SLN,ATL,1,30,0,3,0
edmoj001,SLN200010050,3,8,5,4,3,1,2,2,0,0,3,0,0,0,0,0,0,0,0,0,0,SLN,ATL,1,30,0,3,0
clarw001,SLN200010050,4,3,4,2,1,1,2,3,0,0,0,0,1,1,0,0,1,0,0,0,0,SLN,ATL,1,30,0,3,0
davie001,SLN200010050,5,9,4,3,0,0,0,1,1,0,0,0,0,0,0,0,0,0,0,0,1,SLN,ATL,1,30,0,3,0
lankr001,SLN200010050,6,7,4,4,1,0,0,2,2,0,1,0,0,0,0,0,0,0,0,0,0,SLN,ATL,1,30,0,3,0
hernc001,SLN200010050,7,2,4,4,1,0,1,1,2,0,0,0,1,0,0,0,0,0,0,0,0,SLN,ATL,1,30,0,3,0
polap001,SLN200010050,8,5,4,3,0,1,0,0,0,0,0,0,0,0,0,0,1,0,0,0,0,SLN,ATL,1,30,0,3,0
kiled001,SLN200010050,9,1,3,3,0,0,0,0,1,0,0,0,0,0,0,0,0,0,0,0,0,SLN,ATL,1,30,0,3,0
chrij002,SLN200010050,9,1,0,0,0,0,0,0,0,0,0,0,0,0,0,0,0,0,0,0,0,SLN,ATL,1,30,0,3,0
timlm001,SLN200010050,9,1,0,0,0,0,0,0,0,0,0,0,0,0,0,0,0,0,0,0,0,SLN,ATL,1,30,0,3,0
mcgwm001,SLN200010050,9,11,1,1,1,0,1,1,0,0,0,0,1,0,0,0,0,0,0,0,0,SLN,ATL,1,30,0,3,0
morrm001,SLN200010050,9,1,0,0,0,0,0,0,0,0,0,0,0,0,0,0,0,0,0,0,0,SLN,ATL,1,30,0,3,0
furcr001,SLN200010050,1,6,5,4,0,1,1,0,0,0,0,0,0,0,0,0,0,0,0,0,0,ATL,SLN,0,30,0,3,0
jonea002,SLN200010050,2,8,4,3,1,1,1,1,0,0,0,0,1,0,0,0,0,0,0,0,0,ATL,SLN,0,30,0,3,0
jonec004,SLN200010050,3,5,4,4,2,0,2,1,0,1,1,0,0,0,0,0,0,0,0,0,0,ATL,SLN,0,30,0,3,0
galaa001,SLN200010050,4,3,4,4,1,0,0,0,3,0,1,0,0,0,0,0,0,0,0,0,0,ATL,SLN,0,30,0,3,0
jordb001,SLN200010050,5,9,4,4,1,0,0,2,0,1,0,0,0,0,0,0,0,0,0,0,0,ATL,SLN,0,30,0,3,0
lopej001,SLN200010050,6,2,4,4,0,0,0,0,0,0,0,0,0,0,0,0,0,0,0,0,0,ATL,SLN,0,30,0,3,0
sandr002,SLN200010050,7,7,4,4,0,0,0,0,2,0,0,0,0,0,0,0,0,0,0,0,0,ATL,SLN,0,30,0,3,0
lockk001,SLN200010050,8,4,4,4,1,0,0,0,1,1,0,0,0,0,0,0,0,0,0,0,0,ATL,SLN,0,30,0,3,0
glavt001,SLN200010050,9,1,1,1,0,0,0,0,1,0,0,0,0,0,0,0,0,0,0,0,0,ATL,SLN,0,30,0,3,0
ashba002,SLN200010050,9,1,0,0,0,0,0,0,0,0,0,0,0,0,0,0,0,0,0,0,0,ATL,SLN,0,30,0,3,0
surhb001,SLN200010050,9,11,1,1,1,0,0,0,0,1,0,0,0,0,0,0,0,0,0,0,0,ATL,SLN,0,30,0,3,0
maddg002,SLN200010050,9,12,0,0,0,0,0,0,0,0,0,0,0,0,0,0,0,0,0,0,0,ATL,SLN,0,30,0,3,0
burkj001,SLN200010050,9,1,0,0,0,0,0,0,0,0,0,0,0,0,0,0,0,0,0,0,0,ATL,SLN,0,30,0,3,0
mulht001,SLN200010050,9,1,0,0,0,0,0,0,0,0,0,0,0,0,0,0,0,0,0,0,0,ATL,SLN,0,30,0,3,0
joynw001,SLN200010050,9,11,1,1,0,0,0,0,0,0,0,0,0,0,0,0,0,0,0,0,0,ATL,SLN,0,30,0,3,0
ligtk001,SLN200010050,9,1,0,0,0,0,0,0,0,0,0,0,0,0,0,0,0,0,0,0,0,ATL,SLN,0,30,0,3,0
remlm001,SLN200010050,9,1,0,0,0,0,0,0,0,0,0,0,0,0,0,0,0,0,0,0,0,ATL,SLN,0,30,0,3,0
bonib001,SLN200010050,9,11,1,0,0,1,0,0,0,0,0,0,0,0,0,0,0,0,0,0,0,ATL,SLN,0,30,0,3,0
furcr001,ATL200010070,1,6,4,2,0,2,1,0,0,0,0,0,0,0,1,0,0,0,0,0,0,ATL,SLN,1,30,0,3,0
jonea002,ATL200010070,2,8,4,4,0,0,0,0,0,0,0,0,0,0,0,0,0,1,0,0,0,ATL,SLN,1,30,0,3,0
jonec004,ATL200010070,3,5,4,4,1,0,0,0,2,1,0,0,0,0,0,0,0,0,0,0,0,ATL,SLN,1,30,0,3,0
galaa001,ATL200010070,4,3,4,4,1,0,0,1,0,1,0,0,0,0,0,0,0,0,0,0,0,ATL,SLN,1,30,0,3,0
lopej001,ATL200010070,5,2,3,3,1,0,0,0,0,1,0,0,0,0,0,1,0,0,0,0,0,ATL,SLN,1,30,0,3,0
bakop001,ATL200010070,5,2,1,1,0,0,0,0,1,0,0,0,0,0,0,0,0,0,0,0,0,ATL,SLN,1,30,0,3,0
jordb001,ATL200010070,6,9,3,3,0,0,0,0,1,0,0,0,0,0,0,0,0,0,0,0,0,ATL,SLN,1,30,0,3,0
sandr002,ATL200010070,7,7,2,1,0,1,0,0,1,0,0,0,0,0,0,0,0,0,0,0,0,ATL,SLN,1,30,0,3,0
mulht001,ATL200010070,7,1,0,0,0,0,0,0,0,0,0,0,0,0,0,0,0,0,0,0,0,ATL,SLN,1,30,0,3,0
ligtk001,ATL200010070,7,1,0,0,0,0,0,0,0,0,0,0,0,0,0,0,0,0,0,0,0,ATL,SLN,1,30,0,3,0
remlm001,ATL200010070,7,1,0,0,0,0,0,0,0,0,0,0,0,0,0,0,0,0,0,0,0,ATL,SLN,1,30,0,3,0
joynw001,ATL200010070,7,11,1,1,0,0,0,0,0,0,0,0,0,0,0,0,0,0,0,0,0,ATL,SLN,1,30,0,3,0
ashba002,ATL200010070,7,1,0,0,0,0,0,0,0,0,0,0,0,0,0,0,0,0,0,0,0,ATL,SLN,1,30,0,3,0
lockk001,ATL200010070,8,4,3,3,0,0,0,0,0,0,0,0,0,0,0,0,0,0,0,0,0,ATL,SLN,1,30,0,3,0
millk004,ATL200010070,9,1,1,1,0,0,0,0,1,0,0,0,0,0,0,0,0,0,0,0,0,ATL,SLN,1,30,0,3,0
bonib001,ATL200010070,9,7,2,1,0,1,0,0,0,0,0,0,0,0,0,0,0,0,0,0,0,ATL,SLN,1,30,0,3,0
vinaf001,ATL200010070,1,4,5,4,2,1,1,3,1,1,0,0,1,0,0,1,0,0,0,0,0,SLN,ATL,0,30,0,3,0
rente001,ATL200010070,2,6,5,4,1,1,2,0,0,1,0,0,0,0,1,0,0,0,0,0,0,SLN,ATL,0,30,0,3,0
edmoj001,ATL200010070,3,8,5,5,2,0,1,3,2,0,1,0,1,0,0,0,0,0,0,0,0,SLN,ATL,0,30,0,3,0
clarw001,ATL200010070,4,3,5,5,1,0,0,0,3,1,0,0,0,0,0,0,0,0,0,0,0,SLN,ATL,0,30,0,3,0
lankr001,ATL200010070,5,7,4,3,1,1,1,0,2,1,0,0,0,0,0,0,0,0,0,0,0,SLN,ATL,0,30,0,3,0
hernc001,ATL200010070,6,2,4,4,1,0,1,0,0,1,0,0,0,0,0,0,0,0,0,0,0,SLN,ATL,0,30,0,3,0
drewj001,ATL200010070,7,9,4,2,0,1,0,0,0,0,0,0,0,0,1,0,0,0,0,1,0,SLN,ATL,0,30,0,3,0
polap001,ATL200010070,8,5,3,3,0,0,1,1,0,0,0,0,0,0,1,0,0,0,0,0,0,SLN,ATL,0,30,0,3,0
paquc001,ATL200010070,8,5,1,1,0,0,0,0,0,0,0,0,0,0,0,0,0,0,0,0,0,SLN,ATL,0,30,0,3,0
stepg001,ATL200010070,9,1,1,1,0,0,0,0,0,0,0,0,0,0,0,0,0,0,0,0,0,SLN,ATL,0,30,0,3,0
reamb001,ATL200010070,9,1,1,1,0,0,0,0,0,0,0,0,0,0,0,0,0,0,0,0,0,SLN,ATL,0,30,0,3,0
davie001,ATL200010070,9,11,1,1,0,0,0,0,1,0,0,0,0,0,0,0,0,0,0,0,0,SLN,ATL,0,30,0,3,0
jamem001,ATL200010070,9,1,0,0,0,0,0,0,0,0,0,0,0,0,0,0,0,0,0,0,0,SLN,ATL,0,30,0,3,0
mcgwm001,ATL200010070,9,11,1,1,0,0,0,0,0,0,0,0,0,0,0,0,0,0,0,0,0,SLN,ATL,0,30,0,3,0
morrm001,ATL200010070,9,1,0,0,0,0,0,0,0,0,0,0,0,0,0,0,0,0,0,0,0,SLN,ATL,0,30,0,3,0
vered001,ATL200010070,9,1,0,0,0,0,0,0,0,0,0,0,0,0,0,0,0,0,0,0,0,SLN,ATL,0,30,0,3,0
knobc001,NYA200010210,1,10,6,4,0,1,1,1,1,0,0,0,0,0,0,1,0,0,0,0,1,NYA,NYN,1,30,0,5,0
jeted001,NYA200010210,2,6,6,4,1,2,1,0,2,1,0,0,0,0,0,0,0,0,0,0,0,NYA,NYN,1,30,0,5,0
justd001,NYA200010210,3,7,5,4,1,1,0,2,0,0,1,0,0,0,0,0,0,0,0,0,0,NYA,NYN,1,30,0,5,0
bellc001,NYA200010210,3,12,0,0,0,0,0,0,0,0,0,0,0,0,0,0,0,0,0,0,0,NYA,NYN,1,30,0,5,0
hillg001,NYA200010210,3,11,1,1,0,0,0,0,0,0,0,0,0,0,0,0,0,0,0,0,0,NYA,NYN,1,30,0,5,0
willb002,NYA200010210,4,8,6,4,0,2,0,0,1,0,0,0,0,0,0,0,1,0,0,0,0,NYA,NYN,1,30,0,5,0
martt002,NYA200010210,5,3,6,6,2,0,1,0,1,2,0,0,0,0,0,0,0,0,0,0,0,NYA,NYN,1,30,0,5,0
posaj001,NYA200010210,6,2,6,5,1,1,0,0,1,0,1,0,0,0,0,0,1,0,0,0,0,NYA,NYN,1,30,0,5,0
oneip001,NYA200010210,7,9,6,4,1,2,1,0,1,1,0,0,0,0,0,0,1,1,0,0,0,NYA,NYN,1,30,0,5,0
bross001,NYA200010210,8,5,3,3,1,0,0,0,0,1,0,0,0,0,0,0,0,0,0,0,0,NYA,NYN,1,30,0,5,0
polol001,NYA200010210,8,11,1,1,1,0,0,0,0,1,0,0,0,0,0,0,0,0,0,0,0,NYA,NYN,1,30,0,5,0
sojol001,NYA200010210,8,5,2,2,0,0,0,0,0,0,0,0,0,0,0,0,0,0,0,0,0,NYA,NYN,1,30,0,5,0
vizcj001,NYA200010210,9,4,6,6,4,0,0,1,1,4,0,0,0,0,0,0,0,0,0,0,0,NYA,NYN,1,30,0,5,0
peret004,NYA200010210,1,9,6,6,1,0,0,0,1,1,0,0,0,0,0,0,0,0,0,0,0,NYN,NYA,0,30,0,5,0
alfoe001,NYA200010210,2,4,6,6,1,0,0,1,2,1,0,0,0,0,0,0,0,0,0,0,0,NYN,NYA,0,30,0,5,0
piazm001,NYA200010210,3,10,5,5,1,0,0,0,1,1,0,0,0,0,0,1,0,0,0,0,0,NYN,NYA,0,30,0,5,0
zeilt001,NYA200010210,4,3,5,5,2,0,0,0,1,1,1,0,0,0,0,0,0,0,0,0,0,NYN,NYA,0,30,0,5,0
ventr001,NYA200010210,5,5,5,5,0,0,0,0,1,0,0,0,0,0,0,0,0,0,0,0,0,NYN,NYA,0,30,0,5,0
agbab001,NYA200010210,6,7,4,4,2,0,1,0,1,1,1,0,0,0,0,0,0,0,0,0,0,NYN,NYA,0,30,0,5,0
mcewj001,NYA200010210,6,7,1,1,0,0,0,0,0,0,0,0,0,0,0,0,0,0,0,0,0,NYN,NYA,0,30,0,5,0
paytj001,NYA200010210,7,8,5,5,1,0,1,0,0,1,0,0,0,0,0,0,0,0,0,0,0,NYN,NYA,0,30,0,5,0
pratt001,NYA200010210,8,2,5,2,0,1,1,0,2,0,0,0,0,2,0,0,0,0,0,0,0,NYN,NYA,0,30,0,5,0
bordm001,NYA200010210,9,6,2,1,0,0,0,0,1,0,0,0,0,0,0,0,0,0,0,1,0,NYN,NYA,0,30,0,5,0
tramb001,NYA200010210,9,11,1,1,1,0,0,2,0,1,0,0,0,0,0,0,0,0,0,0,0,NYN,NYA,0,30,0,5,0
abbok002,NYA200010210,9,6,2,2,1,0,0,0,0,0,1,0,0,0,0,0,0,0,0,0,0,NYN,NYA,0,30,0,5,0
knobc001,NYA200010220,1,10,5,4,0,1,0,0,0,0,0,0,0,0,0,0,0,0,0,0,0,NYA,NYN,1,30,0,5,0
jeted001,NYA200010220,2,6,5,5,3,0,1,0,1,1,2,0,0,0,0,0,0,0,0,0,0,NYA,NYN,1,30,0,5,0
justd001,NYA200010220,3,7,5,3,0,1,1,0,1,0,0,0,0,1,0,0,0,0,0,0,0,NYA,NYN,1,30,0,5,0
bellc001,NYA200010220,3,7,0,0,0,0,0,0,0,0,0,0,0,0,0,0,0,0,0,0,0,NYA,NYN,1,30,0,5,0
willb002,NYA200010220,4,8,5,3,0,2,1,0,0,0,0,0,0,0,0,0,1,0,0,0,0,NYA,NYN,1,30,0,5,0
martt002,NYA200010220,5,3,5,5,3,0,1,2,0,2,1,0,0,0,0,0,0,0,0,0,0,NYA,NYN,1,30,0,5,0
posaj001,NYA200010220,6,2,5,3,2,2,1,1,0,2,0,0,0,0,0,0,1,0,0,0,0,NYA,NYN,1,30,0,5,0
oneip001,NYA200010220,7,9,4,4,3,0,0,1,1,2,1,0,0,0,0,0,0,0,0,0,0,NYA,NYN,1,30,0,5,0
bross001,NYA200010220,8,5,4,3,1,0,1,2,1,0,0,0,1,0,0,0,0,0,0,0,1,NYA,NYN,1,30,0,5,0
vizcj001,NYA200010220,9,4,4,4,0,0,0,0,1,0,0,0,0,0,0,1,0,0,0,0,0,NYA,NYN,1,30,0,5,0
peret004,NYA200010220,1,9,4,4,0,0,0,0,1,0,0,0,0,0,0,0,0,0,0,0,0,NYN,NYA,0,30,0,5,0
alfoe001,NYA200010220,2,4,4,3,1,0,1,0,1,1,0,0,0,1,0,0,0,0,0,0,0,NYN,NYA,0,30,0,5,0
piazm001,NYA200010220,3,2,4,4,1,0,1,2,0,0,0,0,1,0,0,0,0,0,0,0,0,NYN,NYA,0,30,0,5,0
ventr001,NYA200010220,4,5,4,4,1,0,0,0,1,1,0,0,0,0,0,0,0,0,0,0,0,NYN,NYA,0,30,0,5,0
zeilt001,NYA200010220,5,3,4,4,2,0,0,0,0,2,0,0,0,0,0,0,0,0,0,0,0,NYN,NYA,0,30,0,5,0
agbab001,NYA200010220,6,7,4,4,1,0,1,0,2,1,0,0,0,0,0,0,0,0,0,0,0,NYN,NYA,0,30,0,5,0
harrl001,NYA200010220,7,10,4,4,0,0,1,0,1,0,0,0,0,0,0,0,0,0,0,0,0,NYN,NYA,0,30,0,5,0
paytj001,NYA200010220,8,8,4,4,1,0,1,3,1,0,0,0,1,0,0,0,0,0,0,0,0,NYN,NYA,0,30,0,5,0
bordm001,NYA200010220,9,6,2,2,0,0,0,0,1,0,0,0,0,0,0,0,0,0,0,0,0,NYN,NYA,0,30,0,5,0
hamid001,NYA200010220,9,11,1,1,0,0,0,0,1,0,0,0,0,0,0,0,0,0,0,0,0,NYN,NYA,0,30,0,5,0
abbok002,NYA200010220,9,6,1,1,0,0,0,0,1,0,0,0,0,0,0,0,0,0,0,0,0,NYN,NYA,0,30,0,5,0
peret004,NYN200010240,1,9,4,3,0,1,0,0,1,0,0,0,0,0,0,0,0,0,0,0,0,NYN,NYA,1,30,0,5,0
alfoe001,NYN200010240,2,4,4,4,0,0,0,0,2,0,0,0,0,0,0,0,0,0,0,0,0,NYN,NYA,1,30,0,5,0
piazm001,NYN200010240,3,2,4,4,1,0,1,0,2,0,1,0,0,0,0,0,0,0,0,0,0,NYN,NYA,1,30,0,5,0
ventr001,NYN200010240,4,5,4,3,2,1,1,1,1,0,1,0,1,0,0,0,0,0,0,0,0,NYN,NYA,1,30,0,5,0
zeilt001,NYN200010240,5,3,4,4,2,0,1,1,2,1,1,0,0,0,0,0,0,0,0,0,0,NYN,NYA,1,30,0,5,0
agbab001,NYN200010240,6,7,4,3,1,1,0,1,1,0,1,0,0,0,0,0,0,0,0,0,0,NYN,NYA,1,30,0,5,0
mcewj001,NYN200010240,6,12,0,0,0,0,1,0,0,0,0,0,0,0,0,0,0,0,0,0,0,NYN,NYA,1,30,0,5,0
paytj001,NYN200010240,7,8,4,4,1,0,0,0,2,1,0,0,0,0,0,0,0,0,0,0,0,NYN,NYA,1,30,0,5,0
bordm001,NYN200010240,8,6,3,3,1,0,0,0,1,1,0,0,0,0,0,0,0,0,0,0,0,NYN,NYA,1,30,0,5,0
harrl001,NYN200010240,8,11,0,0,0,0,0,0,0,0,0,0,0,0,0,0,0,0,0,0,0,NYN,NYA,1,30,0,5,0
tramb001,NYN200010240,8,11,1,0,0,0,0,1,0,0,0,0,0,0,0,0,0,0,0,0,1,NYN,NYA,1,30,0,5,0
benia001,NYN200010240,8,1,0,0,0,0,0,0,0,0,0,0,0,0,0,0,0,0,0,0,0,NYN,NYA,1,30,0,5,0
reedr002,NYN200010240,9,1,2,1,1,0,0,0,0,1,0,0,0,0,0,0,0,0,0,1,0,NYN,NYA,1,30,0,5,0
hamid001,NYN200010240,9,11,1,1,0,0,0,0,0,0,0,0,0,0,0,0,0,0,0,0,0,NYN,NYA,1,30,0,5,0
wendt001,NYN200010240,9,1,0,0,0,0,0,0,0,0,0,0,0,0,0,0,0,0,0,0,0,NYN,NYA,1,30,0,5,0
cookd001,NYN200010240,9,1,0,0,0,0,0,0,0,0,0,0,0,0,0,0,0,0,0,0,0,NYN,NYA,1,30,0,5,0
franj001,NYN200010240,9,1,0,0,0,0,0,0,0,0,0,0,0,0,0,0,0,0,0,0,0,NYN,NYA,1,30,0,5,0
abbok002,NYN200010240,9,11,1,1,0,0,0,0,1,0,0,0,0,0,0,0,0,0,0,0,0,NYN,NYA,1,30,0,5,0
vizcj001,NYN200010240,1,4,4,4,0,0,0,0,2,0,0,0,0,0,0,0,0,0,0,0,0,NYA,NYN,0,30,0,5,0
polol001,NYN200010240,1,11,1,1,0,0,0,0,0,0,0,0,0,0,0,0,0,0,0,0,0,NYA,NYN,0,30,0,5,0
jeted001,NYN200010240,2,6,5,4,2,1,1,0,2,2,0,0,0,0,0,0,0,0,0,0,0,NYA,NYN,0,30,0,5,0
justd001,NYN200010240,3,7,5,3,1,1,0,1,0,0,1,0,0,1,0,0,0,0,0,0,0,NYA,NYN,0,30,0,5,0
willb002,NYN200010240,4,8,4,4,0,0,0,0,2,0,0,0,0,0,0,0,0,0,0,0,0,NYA,NYN,0,30,0,5,0
martt002,NYN200010240,5,3,4,3,1,1,1,0,1,1,0,0,0,0,0,0,0,0,0,0,0,NYA,NYN,0,30,0,5,0
posaj001,NYN200010240,6,2,4,4,0,0,0,0,2,0,0,0,0,0,0,0,0,1,0,0,0,NYA,NYN,0,30,0,5,0
oneip001,NYN200010240,7,9,4,4,3,0,0,1,0,1,1,1,0,0,0,0,0,0,0,0,0,NYA,NYN,0,30,0,5,0
bross001,NYN200010240,8,5,3,2,0,0,0,0,1,0,0,0,0,1,0,0,0,0,0,0,0,NYA,NYN,0,30,0,5,0
hillg001,NYN200010240,8,11,1,1,0,0,0,0,0,0,0,0,0,0,0,0,0,0,0,0,0,NYA,NYN,0,30,0,5,0
sojol001,NYN200010240,8,5,0,0,0,0,0,0,0,0,0,0,0,0,0,0,0,0,0,0,0,NYA,NYN,0,30,0,5,0
herno001,NYN200010240,9,1,3,2,0,0,0,0,2,0,0,0,0,0,0,0,0,0,0,1,0,NYA,NYN,0,30,0,5,0
stanm003,NYN200010240,9,1,0,0,0,0,0,0,0,0,0,0,0,0,0,0,0,0,0,0,0,NYA,NYN,0,30,0,5,0
knobc001,NYN200010240,9,11,1,1,1,0,0,0,0,1,0,0,0,0,0,0,0,0,0,0,0,NYA,NYN,0,30,0,5,0
peret004,NYN200010250,1,9,3,3,1,0,1,0,1,1,0,0,0,0,0,0,0,0,0,0,0,NYN,NYA,1,30,0,5,0
abbok002,NYN200010250,1,11,1,1,0,0,0,0,1,0,0,0,0,0,0,0,0,0,0,0,0,NYN,NYA,1,30,0,5,0
alfoe001,NYN200010250,2,4,4,3,0,1,0,0,0,0,0,0,0,0,0,0,0,0,0,0,0,NYN,NYA,1,30,0,5,0
piazm001,NYN200010250,3,2,4,4,1,0,1,2,1,0,0,0,1,0,0,0,0,0,0,0,0,NYN,NYA,1,30,0,5,0
zeilt001,NYN200010250,4,3,4,4,2,0,0,0,0,2,0,0,0,0,0,0,0,0,0,0,0,NYN,NYA,1,30,0,5,0
mcewj001,NYN200010250,4,12,0,0,0,0,0,0,0,0,0,0,0,0,0,0,0,0,0,0,0,NYN,NYA,1,30,0,5,0
benia001,NYN200010250,4,1,0,0,0,0,0,0,0,0,0,0,0,0,0,0,0,0,0,0,0,NYN,NYA,1,30,0,5,0
ventr001,NYN200010250,5,5,4,4,0,0,0,0,0,0,0,0,0,0,0,0,0,0,0,0,0,NYN,NYA,1,30,0,5,0
agbab001,NYN200010250,6,7,4,3,0,1,0,0,1,0,0,0,0,0,0,0,0,0,0,0,0,NYN,NYA,1,30,0,5,0
paytj001,NYN200010250,7,8,4,4,2,0,0,0,1,2,0,0,0,0,0,0,0,0,0,0,0,NYN,NYA,1,30,0,5,0
bordm001,NYN200010250,8,6,2,2,0,0,0,0,0,0,0,0,0,0,0,0,0,0,0,0,0,NYN,NYA,1,30,0,5,0
harrl001,NYN200010250,8,11,1,0,0,1,0,0,0,0,0,0,0,0,0,0,0,0,0,0,0,NYN,NYA,1,30,0,5,0
franj001,NYN200010250,8,1,0,0,0,0,0,0,0,0,0,0,0,0,0,0,0,0,0,0,0,NYN,NYA,1,30,0,5,0
franm001,NYN200010250,8,3,1,1,0,0,0,0,1,0,0,0,0,0,0,0,0,0,0,0,0,NYN,NYA,1,30,0,5,0
joneb003,NYN200010250,9,1,2,2,0,0,0,0,1,0,0,0,0,0,0,0,0,0,0,0,0,NYN,NYA,1,30,0,5,0
ruscg001,NYN200010250,9,1,0,0,0,0,0,0,0,0,0,0,0,0,0,0,0,0,0,0,0,NYN,NYA,1,30,0,5,0
hamid001,NYN200010250,9,11,0,0,0,0,0,0,0,0,0,0,0,0,0,0,0,0,0,0,0,NYN,NYA,1,30,0,5,0
tramb001,NYN200010250,9,11,1,1,0,0,0,0,1,0,0,0,0,0,0,0,0,0,0,0,0,NYN,NYA,1,30,0,5,0
jeted001,NYN200010250,1,6,5,5,2,0,2,1,1,0,0,1,1,0,0,0,0,0,0,0,0,NYA,NYN,0,30,0,5,0
sojol001,NYN200010250,2,4,5,4,1,1,0,1,0,1,0,0,0,0,1,0,0,0,0,0,0,NYA,NYN,0,30,0,5,0
justd001,NYN200010250,3,7,5,5,0,0,0,0,0,0,0,0,0,0,0,0,0,0,0,0,0,NYA,NYN,0,30,0,5,0
bellc001,NYN200010250,3,7,0,0,0,0,0,0,0,0,0,0,0,0,0,0,0,0,0,0,0,NYA,NYN,0,30,0,5,0
willb002,NYN200010250,4,8,4,4,0,0,0,0,1,0,0,0,0,0,0,0,0,0,0,0,0,NYA,NYN,0,30,0,5,0
martt002,NYN200010250,5,3,4,4,2,0,0,0,1,2,0,0,0,0,0,0,0,0,0,0,0,NYA,NYN,0,30,0,5,0
oneip001,NYN200010250,6,9,4,4,2,0,1,0,0,1,0,1,0,0,0,0,0,1,0,0,0,NYA,NYN,0,30,0,5,0
posaj001,NYN200010250,7,2,4,3,0,1,0,0,1,0,0,0,0,0,0,0,1,0,0,0,0,NYA,NYN,0,30,0,5,0
bross001,NYN200010250,8,5,4,1,1,2,0,1,0,1,0,0,0,0,0,0,1,0,0,0,1,NYA,NYN,0,30,0,5,0
neagd001,NYN200010250,9,1,2,2,0,0,0,0,1,0,0,0,0,0,0,0,0,0,0,0,0,NYA,NYN,0,30,0,5,0
coned001,NYN200010250,9,1,0,0,0,0,0,0,0,0,0,0,0,0,0,0,0,0,0,0,0,NYA,NYN,0,30,0,5,0
cansj001,NYN200010250,9,11,1,1,0,0,0,0,1,0,0,0,0,0,0,0,0,0,0,0,0,NYA,NYN,0,30,0,5,0
nelsj001,NYN200010250,9,1,0,0,0,0,0,0,0,0,0,0,0,0,0,0,0,0,0,0,0,NYA,NYN,0,30,0,5,0
stanm003,NYN200010250,9,1,0,0,0,0,0,0,0,0,0,0,0,0,0,0,0,0,0,0,0,NYA,NYN,0,30,0,5,0
rivem002,NYN200010250,9,1,1,1,0,0,0,0,0,0,0,0,0,0,0,0,0,0,0,0,0,NYA,NYN,0,30,0,5,0
agbab001,NYN200010260,1,7,5,4,1,1,0,1,1,1,0,0,0,0,0,0,0,0,0,0,0,NYN,NYA,1,30,0,5,0
alfoe001,NYN200010260,2,4,5,5,1,0,0,0,0,1,0,0,0,0,0,0,0,0,0,0,0,NYN,NYA,1,30,0,5,0
piazm001,NYN200010260,3,2,5,5,2,0,0,0,0,1,1,0,0,0,0,0,0,0,0,0,0,NYN,NYA,1,30,0,5,0
zeilt001,NYN200010260,4,3,4,3,0,1,0,0,2,0,0,0,0,0,0,0,1,0,0,0,0,NYN,NYA,1,30,0,5,0
ventr001,NYN200010260,5,5,4,4,0,0,0,0,2,0,0,0,0,0,0,0,0,0,0,0,0,NYN,NYA,1,30,0,5,0
tramb001,NYN200010260,6,9,4,3,1,1,1,0,0,1,0,0,0,0,0,0,0,0,0,0,0,NYN,NYA,1,30,0,5,0
peret004,NYN200010260,6,9,0,0,0,0,0,0,0,0,0,0,0,0,0,0,0,0,0,0,0,NYN,NYA,1,30,0,5,0
paytj001,NYN200010260,7,8,4,4,2,0,1,0,1,2,0,0,0,0,0,0,0,0,0,0,0,NYN,NYA,1,30,0,5,0
abbok002,NYN200010260,8,6,4,3,1,1,0,0,0,1,0,0,0,0,0,0,0,0,0,0,0,NYN,NYA,1,30,0,5,0
leita001,NYN200010260,9,1,3,2,0,0,0,0,0,0,0,0,0,0,0,0,0,0,0,1,0,NYN,NYA,1,30,0,5,0
franj001,NYN200010260,9,1,0,0,0,0,0,0,0,0,0,0,0,0,0,0,0,0,0,0,0,NYN,NYA,1,30,0,5,0
hamid001,NYN200010260,9,11,1,1,0,0,0,0,1,0,0,0,0,0,0,0,0,0,0,0,0,NYN,NYA,1,30,0,5,0
vizcj001,NYN200010260,1,4,3,3,0,0,0,0,1,0,0,0,0,0,0,0,0,0,0,0,0,NYA,NYN,0,30,0,5,0
knobc001,NYN200010260,1,11,1,1,0,0,0,0,0,0,0,0,0,0,0,0,0,0,0,0,0,NYA,NYN,0,30,0,5,0
stanm003,NYN200010260,1,1,0,0,0,0,0,0,0,0,0,0,0,0,0,0,0,0,0,0,0,NYA,NYN,0,30,0,5,0
hillg001,NYN200010260,1,11,1,1,0,0,0,0,0,0,0,0,0,0,0,0,0,0,0,0,0,NYA,NYN,0,30,0,5,0
rivem002,NYN200010260,1,1,0,0,0,0,0,0,0,0,0,0,0,0,0,0,0,0,0,0,0,NYA,NYN,0,30,0,5,0
jeted001,NYN200010260,2,6,4,4,1,0,1,1,2,0,0,0,1,0,0,0,0,0,0,0,0,NYA,NYN,0,30,0,5,0
justd001,NYN200010260,3,7,4,4,1,0,0,0,1,1,0,0,0,0,0,0,0,0,0,0,0,NYA,NYN,0,30,0,5,0
bellc001,NYN200010260,3,7,0,0,0,0,0,0,0,0,0,0,0,0,0,0,0,0,0,0,0,NYA,NYN,0,30,0,5,0
willb002,NYN200010260,4,8,4,3,2,1,1,1,1,1,0,0,1,0,0,0,0,0,0,0,0,NYA,NYN,0,30,0,5,0
martt002,NYN200010260,5,3,4,4,0,0,0,0,1,0,0,0,0,0,0,0,0,0,0,0,0,NYA,NYN,0,30,0,5,0
oneip001,NYN200010260,6,9,4,3,0,1,0,0,2,0,0,0,0,0,0,0,0,0,0,0,0,NYA,NYN,0,30,0,5,0
posaj001,NYN200010260,7,2,4,3,1,1,1,0,0,1,0,0,0,0,0,0,0,0,0,0,0,NYA,NYN,0,30,0,5,0
bross001,NYN200010260,8,5,4,4,1,0,1,0,0,1,0,0,0,0,0,0,0,0,0,0,0,NYA,NYN,0,30,0,5,0
petta001,NYN200010260,9,1,3,3,0,0,0,0,1,0,0,0,0,0,0,0,0,0,0,0,0,NYA,NYN,0,30,0,5,0
sojol001,NYN200010260,9,4,1,1,1,0,0,1,0,1,0,0,0,0,0,0,0,0,0,0,0,NYA,NYN,0,30,0,5,0
vinaf001,SLN200010110,1,4,5,4,1,1,0,0,0,1,0,0,0,0,0,0,0,0,0,0,0,SLN,NYN,1,30,0,4,0
rente001,SLN200010110,2,6,5,5,1,0,1,0,0,1,0,0,0,0,0,0,0,0,0,0,0,SLN,NYN,1,30,0,4,0
edmoj001,SLN200010110,3,8,5,5,2,0,0,0,1,2,0,0,0,0,0,0,0,0,0,0,0,SLN,NYN,1,30,0,4,0
davie001,SLN200010110,4,9,5,5,1,0,0,0,2,1,0,0,0,0,0,0,0,0,0,0,0,SLN,NYN,1,30,0,4,0
clarw001,SLN200010110,5,3,4,3,1,1,0,0,0,0,1,0,0,0,0,0,0,0,0,0,0,SLN,NYN,1,30,0,4,0
hernc001,SLN200010110,6,2,4,4,1,0,0,0,0,1,0,0,0,0,0,0,0,0,0,0,0,SLN,NYN,1,30,0,4,0
marre001,SLN200010110,6,12,0,0,0,0,0,0,0,0,0,0,0,0,0,0,0,0,0,0,0,SLN,NYN,1,30,0,4,0
drewj001,SLN200010110,7,7,3,3,0,0,0,0,1,0,0,0,0,0,0,0,0,0,0,0,0,SLN,NYN,1,30,0,4,0
dunss001,SLN200010110,7,11,1,1,0,0,0,0,0,0,0,0,0,0,0,0,0,0,0,0,0,SLN,NYN,1,30,0,4,0
polap001,SLN200010110,8,5,3,3,1,0,0,0,0,1,0,0,0,0,0,0,0,0,0,0,0,SLN,NYN,1,30,0,4,0
jamem001,SLN200010110,8,1,0,0,0,0,0,0,0,0,0,0,0,0,0,0,0,0,0,0,0,SLN,NYN,1,30,0,4,0
chrij002,SLN200010110,8,1,0,0,0,0,0,0,0,0,0,0,0,0,0,0,0,0,0,0,0,SLN,NYN,1,30,0,4,0
lankr001,SLN200010110,8,11,1,1,1,0,1,0,0,0,1,0,0,0,0,0,0,0,0,0,0,SLN,NYN,1,30,0,4,0
kiled001,SLN200010110,9,1,2,1,0,1,0,0,0,0,0,0,0,0,0,0,0,0,0,0,0,SLN,NYN,1,30,0,4,0
tatif001,SLN200010110,9,11,2,2,0,0,0,0,1,0,0,0,0,0,0,0,0,0,0,0,0,SLN,NYN,1,30,0,4,0
peret004,SLN200010110,1,9,5,5,1,0,1,0,0,0,1,0,0,0,0,0,0,1,0,0,0,NYN,SLN,0,30,0,4,0
alfoe001,SLN200010110,2,4,4,3,1,1,1,1,0,1,0,0,0,0,0,0,0,0,0,0,0,NYN,SLN,0,30,0,4,0
piazm001,SLN200010110,3,2,4,4,2,0,0,1,0,1,1,0,0,0,0,0,0,0,0,0,0,NYN,SLN,0,30,0,4,0
ventr001,SLN200010110,4,5,4,2,0,1,0,1,0,0,0,0,0,0,0,0,0,0,0,0,1,NYN,SLN,0,30,0,4,0
zeilt001,SLN200010110,5,3,4,4,1,0,1,1,1,0,0,0,1,0,0,0,0,0,0,0,0,NYN,SLN,0,30,0,4,0
agbab001,SLN200010110,6,7,4,4,1,0,0,0,0,1,0,0,0,0,0,0,0,0,0,0,0,NYN,SLN,0,30,0,4,0
mcewj001,SLN200010110,6,12,0,0,0,0,1,0,0,0,0,0,0,0,0,0,0,0,0,0,0,NYN,SLN,0,30,0,4,0
paytj001,SLN200010110,7,8,4,4,1,0,1,2,0,0,0,0,1,0,0,0,0,0,0,0,0,NYN,SLN,0,30,0,4,0
bordm001,SLN200010110,8,6,4,3,0,0,0,0,0,0,0,0,0,1,0,0,0,0,0,0,0,NYN,SLN,0,30,0,4,0
abbok002,SLN200010110,8,12,0,0,0,0,0,0,0,0,0,0,0,0,0,0,0,0,0,0,0,NYN,SLN,0,30,0,4,0
hampm001,SLN200010110,9,1,3,3,1,0,1,0,0,1,0,0,0,0,0,0,0,0,0,0,0,NYN,SLN,0,30,0,4,0
franj001,SLN200010110,9,1,0,0,0,0,0,0,0,0,0,0,0,0,0,0,0,0,0,0,0,NYN,SLN,0,30,0,4,0
hamid001,SLN200010110,9,11,0,0,0,0,0,0,0,0,0,0,0,0,0,0,0,0,0,0,0,NYN,SLN,0,30,0,4,0
tramb001,SLN200010110,9,11,1,1,0,0,0,0,1,0,0,0,0,0,0,0,0,0,0,0,0,NYN,SLN,0,30,0,4,0
benia001,SLN200010110,9,1,0,0,0,0,0,0,0,0,0,0,0,0,0,0,0,0,0,0,0,NYN,SLN,0,30,0,4,0
vinaf001,SLN200010120,1,4,5,5,1,0,1,0,1,1,0,0,0,0,0,0,0,0,0,0,0,SLN,NYN,1,30,0,4,0
rente001,SLN200010120,2,6,5,5,3,0,1,1,0,2,1,0,0,0,3,0,0,0,0,0,0,SLN,NYN,1,30,0,4,0
edmoj001,SLN200010120,3,8,5,4,0,1,0,0,2,0,0,0,0,0,0,0,0,0,0,0,0,SLN,NYN,1,30,0,4,0
tatif001,SLN200010120,4,5,3,3,1,0,0,1,1,0,1,0,0,0,0,0,0,0,0,0,0,SLN,NYN,1,30,0,4,0
morrm001,SLN200010120,4,1,0,0,0,0,0,0,0,0,0,0,0,0,0,0,0,0,0,0,0,SLN,NYN,1,30,0,4,0
hernc001,SLN200010120,4,2,2,1,0,1,1,0,1,0,0,0,0,0,0,0,0,0,0,0,0,SLN,NYN,1,30,0,4,0
clarw001,SLN200010120,5,3,4,4,2,0,1,0,0,1,1,0,0,0,0,0,0,0,0,0,0,SLN,NYN,1,30,0,4,0
dunss001,SLN200010120,6,9,4,3,1,0,1,0,0,0,1,0,0,0,0,0,0,0,0,1,0,SLN,NYN,1,30,0,4,0
lankr001,SLN200010120,7,7,3,3,1,0,0,0,2,1,0,0,0,0,0,0,0,0,0,0,0,SLN,NYN,1,30,0,4,0
polap001,SLN200010120,7,11,0,0,0,0,0,0,0,0,0,0,0,0,0,0,0,0,0,0,0,SLN,NYN,1,30,0,4,0
drewj001,SLN200010120,7,11,1,1,1,0,0,1,0,0,1,0,0,0,0,0,0,0,0,0,0,SLN,NYN,1,30,0,4,0
marre001,SLN200010120,8,2,3,3,0,0,0,1,1,0,0,0,0,0,0,0,0,0,0,0,0,SLN,NYN,1,30,0,4,0
vered001,SLN200010120,8,1,0,0,0,0,0,0,0,0,0,0,0,0,0,0,0,0,0,0,0,SLN,NYN,1,30,0,4,0
mcgwm001,SLN200010120,8,11,1,0,0,1,0,0,0,0,0,0,0,0,0,0,1,0,0,0,0,SLN,NYN,1,30,0,4,0
kiled001,SLN200010120,8,12,0,0,0,0,0,0,0,0,0,0,0,0,0,0,0,0,0,0,0,SLN,NYN,1,30,0,4,0
timlm001,SLN200010120,8,1,0,0,0,0,0,0,0,0,0,0,0,0,0,0,0,0,0,0,0,SLN,NYN,1,30,0,4,0
ankir001,SLN200010120,9,1,0,0,0,0,0,0,0,0,0,0,0,0,0,0,0,0,0,0,0,SLN,NYN,1,30,0,4,0
reamb001,SLN200010120,9,1,1,1,0,0,0,0,1,0,0,0,0,0,0,0,0,0,0,0,0,SLN,NYN,1,30,0,4,0
davie001,SLN200010120,9,11,1,1,0,0,0,0,0,0,0,0,0,0,0,0,0,0,0,0,0,SLN,NYN,1,30,0,4,0
paquc001,SLN200010120,9,5,2,2,0,0,0,0,2,0,0,0,0,0,0,0,0,0,0,0,0,SLN,NYN,1,30,0,4,0
peret004,SLN200010120,1,9,5,5,1,0,1,0,2,1,0,0,0,0,0,0,0,0,0,0,0,NYN,SLN,0,30,0,4,0
alfoe001,SLN200010120,2,4,5,3,2,2,2,1,1,1,0,1,0,0,0,0,0,0,0,0,0,NYN,SLN,0,30,0,4,0
piazm001,SLN200010120,3,2,5,2,1,3,2,1,0,0,0,0,1,0,0,0,2,0,0,0,0,NYN,SLN,0,30,0,4,0
zeilt001,SLN200010120,4,3,5,3,2,1,0,2,0,1,1,0,0,0,0,0,0,0,0,0,1,NYN,SLN,0,30,0,4,0
franj001,SLN200010120,4,1,0,0,0,0,0,0,0,0,0,0,0,0,0,0,0,0,0,0,0,NYN,SLN,0,30,0,4,0
wendt001,SLN200010120,4,1,0,0,0,0,0,0,0,0,0,0,0,0,0,0,0,0,0,0,0,NYN,SLN,0,30,0,4,0
benia001,SLN200010120,4,1,0,0,0,0,0,0,0,0,0,0,0,0,0,0,0,0,0,0,0,NYN,SLN,0,30,0,4,0
ventr001,SLN200010120,5,5,5,4,1,1,0,0,0,1,0,0,0,0,0,0,0,0,0,0,0,NYN,SLN,0,30,0,4,0
mcewj001,SLN200010120,5,12,0,0,0,0,1,0,0,0,0,0,0,0,0,0,0,0,0,0,0,NYN,SLN,0,30,0,4,0
agbab001,SLN200010120,6,7,5,4,1,0,0,1,0,0,1,0,0,0,0,0,0,0,0,1,0,NYN,SLN,0,30,0,4,0
paytj001,SLN200010120,7,8,5,4,1,1,0,1,2,1,0,0,0,0,0,0,0,0,0,0,0,NYN,SLN,0,30,0,4,0
abbok002,SLN200010120,8,6,3,3,0,0,0,0,2,0,0,0,0,0,0,0,0,0,0,0,0,NYN,SLN,0,30,0,4,0
franm001,SLN200010120,8,11,2,2,0,0,0,0,0,0,0,0,0,0,0,0,0,0,0,0,0,NYN,SLN,0,30,0,4,0
leita001,SLN200010120,9,1,3,3,0,0,0,0,2,0,0,0,0,0,0,0,0,0,0,0,0,NYN,SLN,0,30,0,4,0
hamid001,SLN200010120,9,11,1,1,0,0,0,0,0,0,0,0,0,0,0,0,0,0,0,0,0,NYN,SLN,0,30,0,4,0
bordm001,SLN200010120,9,6,1,1,0,0,0,0,0,0,0,0,0,0,0,0,0,0,0,0,0,NYN,SLN,0,30,0,4,0
peret004,NYN200010140,1,9,4,4,1,0,1,0,0,1,0,0,0,0,0,0,0,0,0,0,0,NYN,SLN,1,30,0,4,0
alfoe001,NYN200010140,2,4,4,4,2,0,0,0,0,2,0,0,0,0,0,0,0,0,0,0,0,NYN,SLN,1,30,0,4,0
piazm001,NYN200010140,3,2,4,4,1,0,0,0,0,1,0,0,0,0,0,0,0,1,0,0,0,NYN,SLN,1,30,0,4,0
ventr001,NYN200010140,4,5,4,3,0,1,1,0,0,0,0,0,0,0,0,0,0,0,0,0,0,NYN,SLN,1,30,0,4,0
zeilt001,NYN200010140,5,3,4,4,2,0,0,0,2,2,0,0,0,0,0,0,0,0,0,0,0,NYN,SLN,1,30,0,4,0
agbab001,NYN200010140,6,7,4,3,1,1,0,0,0,1,0,0,0,0,0,0,0,0,0,0,0,NYN,SLN,1,30,0,4,0
paytj001,NYN200010140,7,8,4,3,0,1,0,0,2,0,0,0,0,0,0,0,0,1,0,0,0,NYN,SLN,1,30,0,4,0
bordm001,NYN200010140,8,6,3,2,0,1,0,0,1,0,0,0,0,0,0,0,0,0,0,0,0,NYN,SLN,1,30,0,4,0
franm001,NYN200010140,8,11,1,1,0,0,0,0,1,0,0,0,0,0,0,0,0,0,0,0,0,NYN,SLN,1,30,0,4,0
reedr002,NYN200010140,9,1,1,1,0,0,0,0,0,0,0,0,0,0,0,0,0,0,0,0,0,NYN,SLN,1,30,0,4,0
ruscg001,NYN200010140,9,1,0,0,0,0,0,0,0,0,0,0,0,0,0,0,0,0,0,0,0,NYN,SLN,1,30,0,4,0
hamid001,NYN200010140,9,11,1,1,0,0,0,0,0,0,0,0,0,0,0,0,0,0,0,0,0,NYN,SLN,1,30,0,4,0
whitr002,NYN200010140,9,1,0,0,0,0,0,0,0,0,0,0,0,0,0,0,0,0,0,0,0,NYN,SLN,1,30,0,4,0
harrl001,NYN200010140,9,11,1,1,0,0,0,0,1,0,0,0,0,0,0,0,0,0,0,0,0,NYN,SLN,1,30,0,4,0
cookd001,NYN200010140,9,1,0,0,0,0,0,0,0,0,0,0,0,0,0,0,0,0,0,0,0,NYN,SLN,1,30,0,4,0
wendt001,NYN200010140,9,1,0,0,0,0,0,0,0,0,0,0,0,0,0,0,0,0,0,0,0,NYN,SLN,1,30,0,4,0
tramb001,NYN200010140,9,11,1,1,0,0,0,0,1,0,0,0,0,0,0,0,0,0,0,0,0,NYN,SLN,1,30,0,4,0
vinaf001,NYN200010140,1,4,5,5,2,0,1,1,0,2,0,0,0,0,0,0,0,0,0,0,0,SLN,NYN,0,30,0,4,0
rente001,NYN200010140,2,6,5,4,2,0,2,2,0,2,0,0,0,0,0,0,0,0,0,1,0,SLN,NYN,0,30,0,4,0
edmoj001,NYN200010140,3,8,5,5,1,0,0,2,2,0,1,0,0,0,0,0,0,0,0,0,0,SLN,NYN,0,30,0,4,0
clarw001,NYN200010140,4,3,5,3,2,1,1,0,1,2,0,0,0,1,0,0,0,0,0,0,0,SLN,NYN,0,30,0,4,0
lankr001,NYN200010140,5,7,2,2,1,0,0,1,1,1,0,0,0,0,0,0,0,0,0,0,0,SLN,NYN,0,30,0,4,0
mcgwm001,NYN200010140,5,11,1,1,0,0,0,0,0,0,0,0,0,0,0,0,0,0,0,0,0,SLN,NYN,0,30,0,4,0
paquc001,NYN200010140,5,7,2,2,1,0,0,0,0,1,0,0,0,0,0,0,0,0,0,0,0,SLN,NYN,0,30,0,4,0
tatif001,NYN200010140,6,5,5,3,1,1,1,1,1,0,1,0,0,0,0,0,0,0,0,0,1,SLN,NYN,0,30,0,4,0
drewj001,NYN200010140,7,9,5,5,2,0,1,0,2,2,0,0,0,0,0,0,0,0,0,0,0,SLN,NYN,0,30,0,4,0
hernc001,NYN200010140,8,2,5,5,1,0,1,1,0,1,0,0,0,0,0,0,0,0,0,0,0,SLN,NYN,0,30,0,4,0
benea001,NYN200010140,9,1,4,3,1,0,1,0,2,1,0,0,0,0,0,0,0,0,0,1,0,SLN,NYN,0,30,0,4,0
wilkr001,NYN200010140,9,11,1,1,0,0,0,0,0,0,0,0,0,0,0,0,0,0,0,0,0,SLN,NYN,0,30,0,4,0
jamem001,NYN200010140,9,1,0,0,0,0,0,0,0,0,0,0,0,0,0,0,0,0,0,0,0,SLN,NYN,0,30,0,4,0
vered001,NYN200010140,9,1,0,0,0,0,0,0,0,0,0,0,0,0,0,0,0,0,0,0,0,SLN,NYN,0,30,0,4,0
peret004,NYN200010150,1,9,5,4,2,1,3,0,0,1,1,0,0,0,1,1,0,0,0,0,0,NYN,SLN,1,30,0,4,0
alfoe001,NYN200010150,2,4,5,4,1,0,1,1,0,0,1,0,0,1,0,0,0,0,0,0,0,NYN,SLN,1,30,0,4,0
piazm001,NYN200010150,3,2,4,3,2,1,3,1,0,0,1,0,1,0,0,0,1,0,0,0,0,NYN,SLN,1,30,0,4,0
ventr001,NYN200010150,4,5,4,2,1,1,2,3,0,0,1,0,0,0,0,0,0,0,0,0,1,NYN,SLN,1,30,0,4,0
zeilt001,NYN200010150,5,3,4,4,1,0,0,2,0,0,1,0,0,0,0,0,0,0,0,0,0,NYN,SLN,1,30,0,4,0
agbab001,NYN200010150,6,7,4,4,2,0,0,2,0,1,1,0,0,0,0,0,0,0,0,0,0,NYN,SLN,1,30,0,4,0
mcewj001,NYN200010150,6,7,0,0,0,0,0,0,0,0,0,0,0,0,0,0,0,0,0,0,0,NYN,SLN,1,30,0,4,0
paytj001,NYN200010150,7,8,4,4,0,0,0,0,1,0,0,0,0,0,0,0,0,0,0,0,0,NYN,SLN,1,30,0,4,0
bordm001,NYN200010150,8,6,4,3,0,1,1,0,0,0,0,0,0,0,0,0,0,0,0,0,0,NYN,SLN,1,30,0,4,0
joneb003,NYN200010150,9,1,2,2,0,0,0,0,1,0,0,0,0,0,0,0,0,0,0,0,0,NYN,SLN,1,30,0,4,0
ruscg001,NYN200010150,9,1,1,0,0,0,0,0,0,0,0,0,0,0,0,0,0,0,0,1,0,NYN,SLN,1,30,0,4,0
franj001,NYN200010150,9,1,0,0,0,0,0,0,0,0,0,0,0,0,0,0,0,0,0,0,0,NYN,SLN,1,30,0,4,0
harrl001,NYN200010150,9,11,0,0,0,0,0,0,0,0,0,0,0,0,0,0,0,0,0,0,0,NYN,SLN,1,30,0,4,0
tramb001,NYN200010150,9,11,1,1,0,0,0,0,0,0,0,0,0,0,0,0,0,0,0,0,0,NYN,SLN,1,30,0,4,0
benia001,NYN200010150,9,1,0,0,0,0,0,0,0,0,0,0,0,0,0,0,0,0,0,0,0,NYN,SLN,1,30,0,4,0
vinaf001,NYN200010150,1,4,5,5,1,0,1,0,2,0,1,0,0,0,0,0,0,0,0,0,0,SLN,NYN,0,30,0,4,0
rente001,NYN200010150,2,6,5,3,0,0,0,1,1,0,0,0,0,0,0,0,0,0,0,1,1,SLN,NYN,0,30,0,4,0
edmoj001,NYN200010150,3,8,5,5,2,0,1,3,1,1,0,0,1,0,0,0,0,0,0,0,0,SLN,NYN,0,30,0,4,0
clarw001,NYN200010150,4,3,4,4,1,0,1,1,0,0,0,0,1,0,0,0,0,0,0,0,0,SLN,NYN,0,30,0,4,0
lankr001,NYN200010150,5,7,4,3,1,1,0,0,1,1,0,0,0,0,0,0,0,0,0,0,0,SLN,NYN,0,30,0,4,0
tatif001,NYN200010150,6,5,4,4,1,0,0,0,1,1,0,0,0,0,0,0,0,0,0,0,0,SLN,NYN,0,30,0,4,0
drewj001,NYN200010150,7,9,3,3,1,0,1,0,0,1,0,0,0,0,0,0,0,0,0,0,0,SLN,NYN,0,30,0,4,0
paquc001,NYN200010150,7,11,1,1,0,0,0,0,0,0,0,0,0,0,0,0,0,0,0,0,0,SLN,NYN,0,30,0,4,0
hernc001,NYN200010150,8,2,4,4,2,0,1,0,0,2,0,0,0,0,0,0,0,0,0,0,0,SLN,NYN,0,30,0,4,0
marre001,NYN200010150,8,12,0,0,0,0,0,0,0,0,0,0,0,0,0,0,0,0,0,0,0,SLN,NYN,0,30,0,4,0
kiled001,NYN200010150,9,1,1,1,0,0,0,0,0,0,0,0,0,0,0,0,0,0,0,0,0,SLN,NYN,0,30,0,4,0
jamem001,NYN200010150,9,1,0,0,0,0,0,0,0,0,0,0,0,0,0,0,0,0,0,0,0,SLN,NYN,0,30,0,4,0
davie001,NYN200010150,9,11,1,1,1,0,1,1,0,0,1,0,0,0,0,0,0,0,0,0,0,SLN,NYN,0,30,0,4,0
timlm001,NYN200010150,9,1,0,0,0,0,0,0,0,0,0,0,0,0,0,0,0,0,0,0,0,SLN,NYN,0,30,0,4,0
dunss001,NYN200010150,9,11,1,1,1,0,0,0,0,1,0,0,0,0,0,0,0,0,0,0,0,SLN,NYN,0,30,0,4,0
morrm001,NYN200010150,9,1,0,0,0,0,0,0,0,0,0,0,0,0,0,0,0,0,0,0,0,SLN,NYN,0,30,0,4,0
chrij002,NYN200010150,9,1,0,0,0,0,0,0,0,0,0,0,0,0,0,0,0,0,0,0,0,SLN,NYN,0,30,0,4,0
polap001,NYN200010150,9,11,1,0,0,1,0,0,0,0,0,0,0,0,0,0,0,0,0,0,0,SLN,NYN,0,30,0,4,0
peret004,NYN200010160,1,9,5,5,2,0,2,0,1,2,0,0,0,0,1,0,0,0,0,0,0,NYN,SLN,1,30,0,4,0
alfoe001,NYN200010160,2,4,5,4,2,1,1,1,0,2,0,0,0,0,0,0,0,0,0,0,0,NYN,SLN,1,30,0,4,0
piazm001,NYN200010160,3,2,5,4,1,1,2,0,0,0,1,0,0,0,0,0,0,0,0,0,0,NYN,SLN,1,30,0,4,0
ventr001,NYN200010160,4,5,5,3,1,2,1,1,0,1,0,0,0,0,0,0,0,0,0,0,0,NYN,SLN,1,30,0,4,0
zeilt001,NYN200010160,5,3,5,4,1,1,0,3,1,0,1,0,0,0,0,0,0,0,0,0,0,NYN,SLN,1,30,0,4,0
agbab001,NYN200010160,6,7,5,2,1,3,0,0,0,1,0,0,0,0,0,0,0,0,0,0,0,NYN,SLN,1,30,0,4,0
paytj001,NYN200010160,7,8,5,4,1,0,0,0,0,1,0,0,0,1,0,0,0,0,0,0,0,NYN,SLN,1,30,0,4,0
mcewj001,NYN200010160,7,12,0,0,0,0,0,0,0,0,0,0,0,0,0,0,0,0,0,0,0,NYN,SLN,1,30,0,4,0
bordm001,NYN200010160,8,6,5,4,1,1,1,0,0,1,0,0,0,0,0,0,0,0,0,0,0,NYN,SLN,1,30,0,4,0
hampm001,NYN200010160,9,1,4,3,0,0,0,0,1,0,0,0,0,0,0,0,0,0,0,1,0,NYN,SLN,1,30,0,4,0
vinaf001,NYN200010160,1,4,4,4,1,0,0,0,1,1,0,0,0,0,0,0,0,0,0,0,0,SLN,NYN,0,30,0,4,0
polap001,NYN200010160,2,5,3,2,0,1,0,0,1,0,0,0,0,0,0,0,0,0,0,0,0,SLN,NYN,0,30,0,4,0
paquc001,NYN200010160,2,11,1,1,0,0,0,0,0,0,0,0,0,0,0,0,0,0,0,0,0,SLN,NYN,0,30,0,4,0
edmoj001,NYN200010160,3,8,3,3,0,0,0,0,3,0,0,0,0,0,0,0,0,0,0,0,0,SLN,NYN,0,30,0,4,0
mcgwm001,NYN200010160,3,11,1,1,0,0,0,0,0,0,0,0,0,0,0,0,0,0,0,0,0,SLN,NYN,0,30,0,4,0
davie001,NYN200010160,4,9,3,3,0,0,0,0,0,0,0,0,0,0,0,0,0,0,0,0,0,SLN,NYN,0,30,0,4,0
drewj001,NYN200010160,4,9,0,0,0,0,0,0,0,0,0,0,0,0,0,0,0,0,0,0,0,SLN,NYN,0,30,0,4,0
wilkr001,NYN200010160,4,11,1,1,0,0,0,0,0,0,0,0,0,0,0,0,0,0,0,0,0,SLN,NYN,0,30,0,4,0
clarw001,NYN200010160,5,3,3,3,1,0,0,0,0,1,0,0,0,0,0,0,0,0,0,0,0,SLN,NYN,0,30,0,4,0
rente001,NYN200010160,6,6,3,3,0,0,0,0,1,0,0,0,0,0,0,0,0,0,0,0,0,SLN,NYN,0,30,0,4,0
lankr001,NYN200010160,7,7,3,3,0,0,0,0,1,0,0,0,0,0,0,0,0,0,0,0,0,SLN,NYN,0,30,0,4,0
hernc001,NYN200010160,8,2,2,2,0,0,0,0,0,0,0,0,0,0,0,0,0,0,0,0,0,SLN,NYN,0,30,0,4,0
marre001,NYN200010160,8,2,1,1,0,0,0,0,0,0,0,0,0,0,0,0,0,0,0,0,0,SLN,NYN,0,30,0,4,0
hentp001,NYN200010160,9,1,1,1,1,0,0,0,0,1,0,0,0,0,0,0,0,0,0,0,0,SLN,NYN,0,30,0,4,0
timlm001,NYN200010160,9,1,0,0,0,0,0,0,0,0,0,0,0,0,0,0,0,0,0,0,0,SLN,NYN,0,30,0,4,0
tatif001,NYN200010160,9,11,1,1,0,0,0,0,1,0,0,0,0,0,0,0,0,0,0,0,0,SLN,NYN,0,30,0,4,0
reamb001,NYN200010160,9,1,0,0,0,0,0,0,0,0,0,0,0,0,0,0,0,0,0,0,0,SLN,NYN,0,30,0,4,0
ankir001,NYN200010160,9,1,0,0,0,0,0,0,0,0,0,0,0,0,0,0,0,0,0,0,0,SLN,NYN,0,30,0,4,0
jamem001,NYN200010160,9,1,0,0,0,0,0,0,0,0,0,0,0,0,0,0,0,0,0,0,0,SLN,NYN,0,30,0,4,0
dunss001,NYN200010160,9,11,1,1,0,0,0,0,0,0,0,0,0,0,0,0,0,0,0,0,0,SLN,NYN,0,30,0,4,0
vered001,NYN200010160,9,1,0,0,0,0,0,0,0,0,0,0,0,0,0,0,0,0,0,0,0,SLN,NYN,0,30,0,4,0
durhr001,CHA200010030,1,4,5,3,1,1,1,1,1,0,0,0,1,0,0,0,0,1,0,1,0,CHA,SEA,1,30,0,3,0
valej003,CHA200010030,2,6,5,4,1,1,1,0,0,0,1,0,0,0,1,0,0,0,0,0,0,CHA,SEA,1,30,0,3,0
thomf001,CHA200010030,3,10,5,3,0,2,0,0,0,0,0,0,0,0,0,0,1,0,0,0,0,CHA,SEA,1,30,0,3,0
ordom001,CHA200010030,4,9,5,5,1,0,0,1,1,0,0,1,0,0,0,0,0,0,0,0,0,CHA,SEA,1,30,0,3,0
lee-c001,CHA200010030,5,7,5,5,1,0,0,0,2,0,1,0,0,0,0,0,0,0,0,0,0,CHA,SEA,1,30,0,3,0
konep001,CHA200010030,6,3,5,4,0,1,1,0,0,0,0,0,0,0,0,0,0,0,0,0,0,CHA,SEA,1,30,0,3,0
perrh001,CHA200010030,7,5,5,4,1,1,0,0,1,1,0,0,0,0,0,0,0,0,0,0,0,CHA,SEA,1,30,0,3,0
singc001,CHA200010030,8,8,5,5,1,0,1,1,1,0,0,1,0,0,0,0,0,0,0,0,0,CHA,SEA,1,30,0,3,0
johnc002,CHA200010030,9,2,4,4,3,0,0,0,0,3,0,0,0,0,0,0,0,0,0,0,0,CHA,SEA,1,30,0,3,0
paulj001,CHA200010030,9,12,0,0,0,0,0,0,0,0,0,0,0,0,0,0,0,0,0,0,0,CHA,SEA,1,30,0,3,0
hendr001,CHA200010030,1,7,3,3,1,0,1,0,0,1,0,0,0,0,0,0,0,0,0,0,0,SEA,CHA,0,30,0,3,0
javis001,CHA200010030,1,11,2,2,0,0,0,0,1,0,0,0,0,0,0,0,0,0,0,0,0,SEA,CHA,0,30,0,3,0
camem001,CHA200010030,2,8,5,4,2,0,2,1,0,2,0,0,0,1,1,0,0,1,0,0,0,SEA,CHA,0,30,0,3,0
rodra001,CHA200010030,3,6,5,5,3,0,0,1,0,3,0,0,0,0,0,1,0,0,0,0,0,SEA,CHA,0,30,0,3,0
marte001,CHA200010030,4,10,5,5,2,0,1,2,0,1,0,0,1,0,0,0,0,0,0,0,0,SEA,CHA,0,30,0,3,0
olerj001,CHA200010030,5,3,5,5,1,0,1,2,1,0,0,0,1,0,0,0,0,1,0,0,0,SEA,CHA,0,30,0,3,0
buhnj001,CHA200010030,6,9,3,1,0,2,0,0,0,0,0,0,0,0,0,0,0,0,0,0,0,SEA,CHA,0,30,0,3,0
ibanr001,CHA200010030,6,12,2,2,1,0,1,0,0,1,0,0,0,0,0,0,0,0,0,0,0,SEA,CHA,0,30,0,3,0
belld002,CHA200010030,7,5,5,4,1,1,0,0,1,0,1,0,0,0,0,0,0,0,0,0,0,SEA,CHA,0,30,0,3,0
olivj001,CHA200010030,8,2,2,2,1,0,1,1,0,0,0,0,1,0,0,0,0,0,0,0,0,SEA,CHA,0,30,0,3,0
marta001,CHA200010030,8,11,1,1,0,0,0,0,0,0,0,0,0,0,0,0,0,0,0,0,0,SEA,CHA,0,30,0,3,0
wilsd001,CHA200010030,8,2,2,2,0,0,0,0,2,0,0,0,0,0,0,0,0,0,0,0,0,SEA,CHA,0,30,0,3,0
mclem001,CHA200010030,9,4,4,3,1,1,0,0,0,1,0,0,0,0,0,0,0,0,0,0,0,SEA,CHA,0,30,0,3,0
durhr001,CHA200010040,1,4,5,4,1,1,1,0,1,0,1,0,0,0,0,0,0,1,0,0,0,CHA,SEA,1,30,0,3,0
valej003,CHA200010040,2,6,4,3,2,1,1,1,0,1,1,0,0,0,2,0,0,0,0,0,0,CHA,SEA,1,30,0,3,0
thomf001,CHA200010040,3,10,4,4,0,0,0,0,0,0,0,0,0,0,0,0,0,0,0,0,0,CHA,SEA,1,30,0,3,0
ordom001,CHA200010040,4,9,4,2,0,2,0,0,0,0,0,0,0,0,1,0,0,0,0,0,0,CHA,SEA,1,30,0,3,0
lee-c001,CHA200010040,5,7,4,3,0,0,0,1,0,0,0,0,0,0,0,0,0,0,0,0,1,CHA,SEA,1,30,0,3,0
konep001,CHA200010040,6,3,4,4,0,0,0,0,1,0,0,0,0,0,0,0,0,0,0,0,0,CHA,SEA,1,30,0,3,0
perrh001,CHA200010040,7,5,4,4,2,0,0,0,1,1,1,0,0,0,0,0,0,0,0,0,0,CHA,SEA,1,30,0,3,0
singc001,CHA200010040,8,8,2,2,0,0,0,0,1,0,0,0,0,0,0,0,0,0,0,0,0,CHA,SEA,1,30,0,3,0
abboj002,CHA200010040,8,11,1,1,0,0,0,0,0,0,0,0,0,0,0,0,0,0,0,0,0,CHA,SEA,1,30,0,3,0
bainh001,CHA200010040,8,11,1,1,0,0,0,0,1,0,0,0,0,0,0,0,0,0,0,0,0,CHA,SEA,1,30,0,3,0
johnc002,CHA200010040,9,2,4,2,0,1,0,0,1,0,0,0,0,1,0,0,0,0,0,0,0,CHA,SEA,1,30,0,3,0
hendr001,CHA200010040,1,7,3,2,1,1,1,0,0,1,0,0,0,0,1,0,0,0,0,0,0,SEA,CHA,0,30,0,3,0
ibanr001,CHA200010040,1,7,2,2,1,0,0,0,0,1,0,0,0,0,0,0,0,0,0,0,0,SEA,CHA,0,30,0,3,0
camem001,CHA200010040,2,8,5,4,1,0,0,1,0,1,0,0,0,0,0,0,0,0,0,1,0,SEA,CHA,0,30,0,3,0
rodra001,CHA200010040,3,6,5,5,1,0,0,1,1,1,0,0,0,0,0,0,0,1,0,0,0,SEA,CHA,0,30,0,3,0
marte001,CHA200010040,4,10,4,3,1,1,1,0,0,0,1,0,0,0,0,0,0,1,0,0,0,SEA,CHA,0,30,0,3,0
olerj001,CHA200010040,5,3,4,3,1,0,1,0,0,1,0,0,0,1,0,0,0,0,0,0,0,SEA,CHA,0,30,0,3,0
buhnj001,CHA200010040,6,9,4,4,1,0,1,1,0,0,0,0,1,0,0,0,0,1,0,0,0,SEA,CHA,0,30,0,3,0
olivj001,CHA200010040,6,2,0,0,0,0,0,0,0,0,0,0,0,0,0,0,0,0,0,0,0,SEA,CHA,0,30,0,3,0
belld002,CHA200010040,7,5,4,4,2,0,0,1,1,2,0,0,0,0,0,0,0,0,0,0,0,SEA,CHA,0,30,0,3,0
wilsd001,CHA200010040,8,2,3,1,0,1,0,1,0,0,0,0,0,0,0,0,0,0,0,0,1,SEA,CHA,0,30,0,3,0
javis001,CHA200010040,8,7,1,1,0,0,0,0,1,0,0,0,0,0,0,0,0,0,0,0,0,SEA,CHA,0,30,0,3,0
mclem001,CHA200010040,9,4,4,3,0,1,1,0,0,0,0,0,0,0,0,0,0,0,0,0,0,SEA,CHA,0,30,0,3,0
camem001,SEA200010060,1,8,4,4,0,0,0,0,0,0,0,0,0,0,0,0,0,0,0,0,0,SEA,CHA,1,30,0,3,0
ibanr001,SEA200010060,2,9,4,4,1,0,1,0,0,1,0,0,0,0,0,0,0,0,0,0,0,SEA,CHA,1,30,0,3,0
rodra001,SEA200010060,3,6,4,3,0,0,0,0,1,0,0,0,0,0,0,0,0,0,0,1,0,SEA,CHA,1,30,0,3,0
marte001,SEA200010060,4,10,4,3,1,1,0,0,1,1,0,0,0,0,0,0,0,0,0,0,0,SEA,CHA,1,30,0,3,0
olerj001,SEA200010060,5,3,4,2,1,2,0,0,0,1,0,0,0,0,0,0,0,0,0,0,0,SEA,CHA,1,30,0,3,0
hendr001,SEA200010060,5,12,0,0,0,0,1,0,0,0,0,0,0,0,0,0,0,0,0,0,0,SEA,CHA,1,30,0,3,0
javis001,SEA200010060,6,7,4,3,1,0,0,1,1,1,0,0,0,0,0,0,0,0,0,1,0,SEA,CHA,1,30,0,3,0
belld002,SEA200010060,7,5,4,3,1,1,0,0,0,1,0,0,0,0,0,0,0,0,0,0,0,SEA,CHA,1,30,0,3,0
olivj001,SEA200010060,8,2,3,2,0,0,0,0,1,0,0,0,0,0,0,0,0,0,0,1,0,SEA,CHA,1,30,0,3,0
guilc001,SEA200010060,8,11,1,1,1,0,0,1,0,1,0,0,0,0,0,0,0,0,0,0,0,SEA,CHA,1,30,0,3,0
mclem001,SEA200010060,9,4,3,3,0,0,0,0,1,0,0,0,0,0,0,0,0,0,0,0,0,SEA,CHA,1,30,0,3,0
durhr001,SEA200010060,1,4,4,3,0,1,0,0,1,0,0,0,0,0,0,0,0,0,0,0,0,CHA,SEA,0,30,0,3,0
valej003,SEA200010060,2,6,4,3,0,0,0,0,2,0,0,0,0,0,0,0,0,0,0,1,0,CHA,SEA,0,30,0,3,0
thomf001,SEA200010060,3,3,4,2,0,2,0,0,0,0,0,0,0,0,0,0,0,0,0,0,0,CHA,SEA,0,30,0,3,0
ordom001,SEA200010060,4,9,4,4,1,0,0,0,1,1,0,0,0,0,0,0,0,1,0,0,0,CHA,SEA,0,30,0,3,0
bainh001,SEA200010060,5,10,3,3,1,0,1,0,0,0,1,0,0,0,0,0,0,1,0,0,0,CHA,SEA,0,30,0,3,0
johnc002,SEA200010060,6,2,3,3,0,0,0,0,0,0,0,0,0,0,0,0,0,0,0,0,0,CHA,SEA,0,30,0,3,0
perrh001,SEA200010060,7,5,3,1,1,1,0,1,0,1,0,0,0,0,0,0,0,0,0,0,1,CHA,SEA,0,30,0,3,0
graft001,SEA200010060,7,12,0,0,0,0,0,0,0,0,0,0,0,0,0,0,0,0,0,0,0,CHA,SEA,0,30,0,3,0
lee-c001,SEA200010060,8,7,3,3,0,0,0,0,0,0,0,0,0,0,0,0,0,0,0,0,0,CHA,SEA,0,30,0,3,0
singc001,SEA200010060,9,8,2,2,0,0,0,0,0,0,0,0,0,0,0,0,0,0,0,0,0,CHA,SEA,0,30,0,3,0
konep001,SEA200010060,9,11,1,1,0,0,0,0,0,0,0,0,0,0,0,0,0,1,0,0,0,CHA,SEA,0,30,0,3,0
chrim002,SEA200010060,9,8,0,0,0,0,0,0,0,0,0,0,0,0,0,0,0,0,0,0,0,CHA,SEA,0,30,0,3,0
longt002,OAK200010030,1,8,4,4,1,0,0,0,0,1,0,0,0,0,0,0,0,0,0,0,0,OAK,NYA,1,30,0,3,0
velar001,OAK200010030,2,4,4,3,1,1,0,1,1,1,0,0,0,0,1,0,0,0,0,0,0,OAK,NYA,1,30,0,3,0
giamj001,OAK200010030,3,3,4,2,1,2,0,0,0,1,0,0,0,0,0,0,1,0,0,0,0,OAK,NYA,1,30,0,3,0
grieb001,OAK200010030,4,7,4,3,0,1,0,0,1,0,0,0,0,0,0,0,0,1,0,0,0,OAK,NYA,1,30,0,3,0
chrir001,OAK200010030,4,7,0,0,0,0,0,0,0,0,0,0,0,0,0,0,0,0,0,0,0,OAK,NYA,1,30,0,3,0
tejam001,OAK200010030,5,6,4,4,1,0,1,0,1,1,0,0,0,0,0,0,0,0,0,0,0,OAK,NYA,1,30,0,3,0
staim001,OAK200010030,6,9,4,4,0,0,0,0,0,0,0,0,0,0,0,0,0,0,0,0,0,OAK,NYA,1,30,0,3,0
chave001,OAK200010030,7,5,4,4,3,0,2,1,1,3,0,0,0,0,0,0,0,0,0,0,0,OAK,NYA,1,30,0,3,0
giamj002,OAK200010030,8,10,3,2,1,1,1,0,1,1,0,0,0,0,0,0,0,0,0,0,0,OAK,NYA,1,30,0,3,0
saeno001,OAK200010030,8,11,1,1,0,0,0,0,0,0,0,0,0,0,0,0,0,0,0,0,0,OAK,NYA,1,30,0,3,0
hernr002,OAK200010030,9,2,4,4,2,0,1,2,0,1,1,0,0,0,0,0,0,0,0,0,0,OAK,NYA,1,30,0,3,0
knobc001,OAK200010030,1,10,4,4,1,0,0,0,1,1,0,0,0,0,0,0,0,0,0,0,0,NYA,OAK,0,30,0,3,0
jeted001,OAK200010030,2,6,4,3,0,0,0,0,1,0,0,0,0,1,0,0,0,0,0,0,0,NYA,OAK,0,30,0,3,0
oneip001,OAK200010030,3,9,4,4,0,0,0,0,0,0,0,0,0,0,0,0,0,1,0,0,0,NYA,OAK,0,30,0,3,0
willb002,OAK200010030,4,8,4,4,2,0,1,0,1,1,1,0,0,0,0,0,0,0,0,0,0,NYA,OAK,0,30,0,3,0
justd001,OAK200010030,5,7,4,4,0,0,0,0,1,0,0,0,0,0,0,0,0,0,0,0,0,NYA,OAK,0,30,0,3,0
martt002,OAK200010030,6,3,4,3,1,0,0,1,0,1,0,0,0,0,0,0,0,0,0,0,1,NYA,OAK,0,30,0,3,0
posaj001,OAK200010030,7,2,4,3,1,1,1,0,1,1,0,0,0,0,0,0,0,0,0,0,0,NYA,OAK,0,30,0,3,0
sojol001,OAK200010030,8,4,3,3,1,0,1,1,0,0,1,0,0,0,0,0,0,0,0,0,0,NYA,OAK,0,30,0,3,0
hillg001,OAK200010030,8,11,1,1,0,0,0,0,1,0,0,0,0,0,0,0,0,0,0,0,0,NYA,OAK,0,30,0,3,0
bross001,OAK200010030,9,5,4,4,1,0,0,1,1,0,1,0,0,0,0,0,0,0,0,0,0,NYA,OAK,0,30,0,3,0
longt002,OAK200010040,1,8,4,4,0,0,0,0,0,0,0,0,0,0,0,0,0,0,0,0,0,OAK,NYA,1,30,0,3,0
velar001,OAK200010040,2,4,4,3,0,1,0,0,1,0,0,0,0,0,0,0,0,0,0,0,0,OAK,NYA,1,30,0,3,0
giamj001,OAK200010040,3,3,4,4,2,0,0,0,0,2,0,0,0,0,0,0,0,0,0,0,0,OAK,NYA,1,30,0,3,0
saeno001,OAK200010040,4,10,4,4,0,0,0,0,1,0,0,0,0,0,0,0,0,1,0,0,0,OAK,NYA,1,30,0,3,0
tejam001,OAK200010040,5,6,4,4,2,0,0,0,0,1,1,0,0,0,0,0,0,0,0,0,0,OAK,NYA,1,30,0,3,0
grieb001,OAK200010040,6,7,4,4,0,0,0,0,0,0,0,0,0,0,0,0,0,1,0,0,0,OAK,NYA,1,30,0,3,0
piata001,OAK200010040,7,9,3,3,0,0,0,0,0,0,0,0,0,0,0,0,0,0,0,0,0,OAK,NYA,1,30,0,3,0
chave001,OAK200010040,8,5,3,3,1,0,0,0,0,0,1,0,0,0,0,0,0,0,0,0,0,OAK,NYA,1,30,0,3,0
hernr002,OAK200010040,9,2,3,3,1,0,0,0,1,0,1,0,0,0,0,0,0,0,0,0,0,OAK,NYA,1,30,0,3,0
jeted001,OAK200010040,1,6,5,5,0,0,0,0,1,0,0,0,0,0,0,0,0,0,0,0,0,NYA,OAK,0,30,0,3,0
posaj001,OAK200010040,2,2,5,3,1,2,0,0,1,0,1,0,0,0,0,0,1,0,0,0,0,NYA,OAK,0,30,0,3,0
justd001,OAK200010040,3,7,4,3,0,1,0,0,1,0,0,0,0,0,0,0,0,0,0,0,0,NYA,OAK,0,30,0,3,0
bellc001,OAK200010040,3,7,1,1,1,0,0,1,0,0,1,0,0,0,0,0,0,0,0,0,0,NYA,OAK,0,30,0,3,0
willb002,OAK200010040,4,8,5,5,2,0,1,0,0,1,1,0,0,0,0,1,0,0,0,0,0,NYA,OAK,0,30,0,3,0
martt002,OAK200010040,5,3,4,4,2,0,0,0,1,2,0,0,0,0,0,0,0,0,0,0,0,NYA,OAK,0,30,0,3,0
oneip001,OAK200010040,6,9,4,2,0,2,1,0,0,0,0,0,0,0,0,0,1,1,0,0,0,NYA,OAK,0,30,0,3,0
hillg001,OAK200010040,7,10,4,4,1,0,1,1,2,1,0,0,0,0,0,0,0,0,0,0,0,NYA,OAK,0,30,0,3,0
sojol001,OAK200010040,8,4,4,3,1,1,0,2,0,0,1,0,0,0,0,0,0,0,0,0,0,NYA,OAK,0,30,0,3,0
vizcj001,OAK200010040,8,12,0,0,0,0,1,0,0,0,0,0,0,0,0,0,0,0,0,0,0,NYA,OAK,0,30,0,3,0
bross001,OAK200010040,9,5,4,3,0,0,0,0,2,0,0,0,0,0,0,0,0,0,0,1,0,NYA,OAK,0,30,0,3,0
jeted001,NYA200010060,1,6,4,4,1,0,0,2,0,1,0,0,0,0,0,1,0,0,0,0,0,NYA,OAK,1,30,0,3,0
posaj001,NYA200010060,2,2,4,4,0,0,0,0,2,0,0,0,0,0,0,0,0,0,0,0,0,NYA,OAK,1,30,0,3,0
justd001,NYA200010060,3,7,4,4,1,0,0,0,1,1,0,0,0,0,0,0,0,0,0,0,0,NYA,OAK,1,30,0,3,0
willb002,NYA200010060,4,8,4,4,1,0,1,0,0,0,1,0,0,0,0,0,0,0,0,0,0,NYA,OAK,1,30,0,3,0
martt002,NYA200010060,5,3,4,3,1,1,1,0,1,1,0,0,0,0,0,0,0,0,0,0,0,NYA,OAK,1,30,0,3,0
oneip001,NYA200010060,6,9,4,4,1,0,1,0,1,1,0,0,0,0,0,0,0,0,0,0,0,NYA,OAK,1,30,0,3,0
hillg001,NYA200010060,7,10,4,3,0,1,0,1,0,0,0,0,0,0,0,0,0,0,0,0,0,NYA,OAK,1,30,0,3,0
knobc001,NYA200010060,7,12,0,0,0,0,0,0,0,0,0,0,0,0,0,0,0,0,0,0,0,NYA,OAK,1,30,0,3,0
sojol001,NYA200010060,8,4,4,3,1,1,1,1,0,1,0,0,0,0,0,0,0,0,0,0,0,NYA,OAK,1,30,0,3,0
bross001,NYA200010060,9,5,3,2,0,1,0,0,0,0,0,0,0,0,0,0,0,0,0,0,0,NYA,OAK,1,30,0,3,0
longt002,NYA200010060,1,8,4,4,2,0,1,1,0,1,0,0,1,0,0,0,0,1,0,0,0,OAK,NYA,0,30,0,3,0
velar001,NYA200010060,2,4,4,4,0,0,0,0,0,0,0,0,0,0,0,0,0,0,0,0,0,OAK,NYA,0,30,0,3,0
giamj001,NYA200010060,3,3,4,2,0,2,0,0,0,0,0,0,0,0,0,0,0,0,0,0,0,OAK,NYA,0,30,0,3,0
chave001,NYA200010060,4,5,4,4,0,0,0,0,1,0,0,0,0,0,0,0,0,1,0,0,0,OAK,NYA,0,30,0,3,0
tejam001,NYA200010060,5,6,4,3,0,1,1,0,0,0,0,0,0,0,0,0,0,0,0,0,0,OAK,NYA,0,30,0,3,0
staim001,NYA200010060,6,9,4,4,0,0,0,0,1,0,0,0,0,0,0,0,0,0,0,0,0,OAK,NYA,0,30,0,3,0
grieb001,NYA200010060,7,7,4,2,0,2,0,0,0,0,0,0,0,0,0,0,0,0,0,0,0,OAK,NYA,0,30,0,3,0
giamj002,NYA200010060,8,10,4,4,1,0,0,1,1,1,0,0,0,0,0,0,0,0,0,0,0,OAK,NYA,0,30,0,3,0
hernr002,NYA200010060,9,2,3,3,1,0,0,0,2,1,0,0,0,0,0,0,0,0,0,0,0,OAK,NYA,0,30,0,3,0
jeted001,NYA200010070,1,6,4,3,2,1,0,0,0,2,0,0,0,0,0,0,0,0,0,0,0,NYA,OAK,1,30,0,3,0
sojol001,NYA200010070,2,4,4,4,0,0,0,0,1,0,0,0,0,0,0,0,0,1,0,0,0,NYA,OAK,1,30,0,3,0
oneip001,NYA200010070,3,9,4,4,1,0,1,0,2,1,0,0,0,0,0,0,0,0,0,0,0,NYA,OAK,1,30,0,3,0
willb002,NYA200010070,4,8,4,3,0,1,0,0,1,0,0,0,0,0,0,0,0,0,0,0,0,NYA,OAK,1,30,0,3,0
justd001,NYA200010070,5,7,4,4,2,0,0,0,1,2,0,0,0,0,0,0,0,0,0,0,0,NYA,OAK,1,30,0,3,0
hillg001,NYA200010070,6,10,4,4,0,0,0,0,2,0,0,0,0,0,0,0,0,0,0,0,0,NYA,OAK,1,30,0,3,0
posaj001,NYA200010070,7,2,3,3,1,0,0,1,0,0,1,0,0,0,0,0,0,0,0,0,0,NYA,OAK,1,30,0,3,0
polol001,NYA200010070,7,11,1,1,1,0,0,0,0,1,0,0,0,0,0,0,0,0,0,0,0,NYA,OAK,1,30,0,3,0
martt002,NYA200010070,8,3,4,4,1,0,0,0,0,1,0,0,0,0,0,0,0,0,0,0,0,NYA,OAK,1,30,0,3,0
bross001,NYA200010070,9,5,4,4,0,0,0,0,0,0,0,0,0,0,0,0,0,0,0,0,0,NYA,OAK,1,30,0,3,0
longt002,NYA200010070,1,8,5,4,0,1,0,0,0,0,0,0,0,0,0,0,0,1,0,0,0,OAK,NYA,0,30,0,3,0
velar001,NYA200010070,2,4,5,5,1,0,2,0,1,0,1,0,0,0,0,0,0,0,0,0,0,OAK,NYA,0,30,0,3,0
menef001,NYA200010070,2,4,0,0,0,0,0,0,0,0,0,0,0,0,0,0,0,0,0,0,0,OAK,NYA,0,30,0,3,0
giamj001,NYA200010070,3,3,5,2,0,3,2,0,1,0,0,0,0,0,0,0,0,0,0,0,0,OAK,NYA,0,30,0,3,0
saeno001,NYA200010070,4,10,5,4,2,0,1,3,0,1,0,0,1,1,0,0,0,0,0,0,0,OAK,NYA,0,30,0,3,0
piata001,NYA200010070,4,12,0,0,0,0,1,0,0,0,0,0,0,0,0,0,0,0,0,0,0,OAK,NYA,0,30,0,3,0
chave001,NYA200010070,5,5,5,5,2,0,2,2,1,1,1,0,0,0,0,0,0,0,0,0,0,OAK,NYA,0,30,0,3,0
tejam001,NYA200010070,6,6,5,4,1,1,2,1,1,0,1,0,0,0,1,0,0,0,0,0,0,OAK,NYA,0,30,0,3,0
grieb001,NYA200010070,7,7,4,4,2,0,1,2,2,2,0,0,0,0,0,0,0,0,0,0,0,OAK,NYA,0,30,0,3,0
portb001,NYA200010070,7,9,1,1,1,0,0,1,0,1,0,0,0,0,0,0,0,0,0,0,0,OAK,NYA,0,30,0,3,0
giamj002,NYA200010070,8,9,3,2,1,1,0,0,0,1,0,0,0,0,0,0,0,0,0,0,0,OAK,NYA,0,30,0,3,0
chrir001,NYA200010070,8,12,2,2,1,0,0,1,1,1,0,0,0,0,0,0,0,0,0,0,0,OAK,NYA,0,30,0,3,0
hernr002,NYA200010070,9,2,5,3,0,0,0,1,0,0,0,0,0,1,0,0,0,0,0,1,0,OAK,NYA,0,30,0,3,0
longt002,OAK200010080,1,8,5,3,0,2,1,0,2,0,0,0,0,0,0,0,0,0,0,0,0,OAK,NYA,1,30,0,3,0
fasas001,OAK200010080,1,2,0,0,0,0,0,0,0,0,0,0,0,0,0,0,0,0,0,0,0,OAK,NYA,1,30,0,3,0
velar001,OAK200010080,2,4,5,5,3,0,0,2,0,3,0,0,0,0,0,0,0,0,0,0,0,OAK,NYA,1,30,0,3,0
giamj001,OAK200010080,3,3,5,4,1,0,0,1,1,1,0,0,0,0,0,0,0,0,0,0,1,OAK,NYA,1,30,0,3,0
saeno001,OAK200010080,4,10,5,4,1,0,0,1,1,1,0,0,0,0,0,0,0,0,0,0,1,OAK,NYA,1,30,0,3,0
tejam001,OAK200010080,5,6,5,5,3,0,1,0,0,3,0,0,0,0,0,0,0,0,0,0,0,OAK,NYA,1,30,0,3,0
chave001,OAK200010080,6,5,5,5,1,0,0,1,2,0,1,0,0,0,0,0,0,0,0,0,0,OAK,NYA,1,30,0,3,0
piata001,OAK200010080,7,9,3,3,1,0,1,0,1,1,0,0,0,0,0,0,0,0,0,0,0,OAK,NYA,1,30,0,3,0
giamj002,OAK200010080,7,11,1,1,0,0,0,0,0,0,0,0,0,0,0,0,0,0,0,0,0,OAK,NYA,1,30,0,3,0
grieb001,OAK200010080,8,7,4,4,0,0,0,0,4,0,0,0,0,0,0,0,0,0,0,0,0,OAK,NYA,1,30,0,3,0
hernr002,OAK200010080,9,2,3,3,2,0,2,0,0,2,0,0,0,0,0,0,0,0,0,0,0,OAK,NYA,1,30,0,3,0
staim001,OAK200010080,9,11,1,1,1,0,0,0,0,0,1,0,0,0,0,0,0,0,0,0,0,OAK,NYA,1,30,0,3,0
portb001,OAK200010080,9,12,0,0,0,0,0,0,0,0,0,0,0,0,0,0,0,0,0,0,0,OAK,NYA,1,30,0,3,0
knobc001,OAK200010080,1,10,5,5,2,0,1,1,1,2,0,0,0,0,1,0,0,0,0,0,0,NYA,OAK,0,30,0,3,0
jeted001,OAK200010080,2,6,5,4,1,1,1,0,1,1,0,0,0,0,0,0,0,0,0,0,0,NYA,OAK,0,30,0,3,0
oneip001,OAK200010080,3,9,5,5,2,0,1,0,1,1,1,0,0,0,0,0,0,0,0,0,0,NYA,OAK,0,30,0,3,0
willb002,OAK200010080,4,8,5,4,0,0,0,1,2,0,0,0,0,0,0,0,0,0,0,0,1,NYA,OAK,0,30,0,3,0
justd001,OAK200010080,5,7,5,3,1,2,2,1,0,0,0,0,1,0,0,0,0,0,0,0,0,NYA,OAK,0,30,0,3,0
bellc001,OAK200010080,5,7,0,0,0,0,0,0,0,0,0,0,0,0,0,0,0,0,0,0,0,NYA,OAK,0,30,0,3,0
martt002,OAK200010080,6,3,5,5,3,0,1,3,1,1,2,0,0,0,0,0,0,0,0,0,0,NYA,OAK,0,30,0,3,0
posaj001,OAK200010080,7,2,4,4,1,0,1,0,1,1,0,0,0,0,0,0,0,0,0,0,0,NYA,OAK,0,30,0,3,0
sojol001,OAK200010080,8,4,4,3,0,0,0,1,0,0,0,0,0,0,0,0,0,0,0,0,1,NYA,OAK,0,30,0,3,0
bross001,OAK200010080,9,5,4,4,2,0,0,0,1,2,0,0,0,0,0,0,0,0,0,0,0,NYA,OAK,0,30,0,3,0
knobc001,NYA200010100,1,10,4,4,2,0,0,0,0,1,1,0,0,0,0,0,0,0,0,0,0,NYA,SEA,1,30,0,4,0
jeted001,NYA200010100,2,6,4,3,0,1,0,0,3,0,0,0,0,0,0,0,0,0,0,0,0,NYA,SEA,1,30,0,4,0
oneip001,NYA200010100,3,9,3,3,0,0,0,0,1,0,0,0,0,0,0,0,0,0,0,0,0,NYA,SEA,1,30,0,4,0
hillg001,NYA200010100,3,11,1,1,0,0,0,0,1,0,0,0,0,0,0,0,0,0,0,0,0,NYA,SEA,1,30,0,4,0
bellc001,NYA200010100,3,7,0,0,0,0,0,0,0,0,0,0,0,0,0,0,0,0,0,0,0,NYA,SEA,1,30,0,4,0
willb002,NYA200010100,4,8,4,4,1,0,0,0,2,1,0,0,0,0,0,0,0,0,0,0,0,NYA,SEA,1,30,0,4,0
justd001,NYA200010100,5,7,4,4,0,0,0,0,2,0,0,0,0,0,0,0,0,0,0,0,0,NYA,SEA,1,30,0,4,0
martt002,NYA200010100,6,3,4,4,1,0,0,0,1,1,0,0,0,0,0,0,0,0,0,0,0,NYA,SEA,1,30,0,4,0
vizcj001,NYA200010100,6,12,0,0,0,0,0,0,0,0,0,0,0,0,0,0,0,0,0,0,0,NYA,SEA,1,30,0,4,0
posaj001,NYA200010100,7,2,4,2,0,1,0,0,1,0,0,0,0,1,0,0,0,0,0,0,0,NYA,SEA,1,30,0,4,0
sojol001,NYA200010100,8,4,4,4,2,0,0,0,1,2,0,0,0,0,0,0,0,0,0,0,0,NYA,SEA,1,30,0,4,0
bross001,NYA200010100,9,5,3,3,0,0,0,0,1,0,0,0,0,0,0,0,0,1,0,0,0,NYA,SEA,1,30,0,4,0
hendr001,NYA200010100,1,7,3,2,1,1,0,1,1,1,0,0,0,0,0,1,0,0,0,0,0,SEA,NYA,0,30,0,4,0
ibanr001,NYA200010100,1,7,1,1,0,0,0,0,0,0,0,0,0,0,0,0,0,0,0,0,0,SEA,NYA,0,30,0,4,0
camem001,NYA200010100,2,8,4,4,0,0,0,0,2,0,0,0,0,0,0,0,0,0,0,0,0,SEA,NYA,0,30,0,4,0
rodra001,NYA200010100,3,6,4,3,1,1,1,1,1,0,0,0,1,0,0,0,0,0,0,0,0,SEA,NYA,0,30,0,4,0
marte001,NYA200010100,4,10,4,4,0,0,0,0,0,0,0,0,0,0,0,0,0,0,0,0,0,SEA,NYA,0,30,0,4,0
olerj001,NYA200010100,5,3,4,4,0,0,0,0,2,0,0,0,0,0,0,0,0,0,0,0,0,SEA,NYA,0,30,0,4,0
buhnj001,NYA200010100,6,9,4,3,0,1,0,0,2,0,0,0,0,0,0,0,0,0,0,0,0,SEA,NYA,0,30,0,4,0
gipsc001,NYA200010100,6,7,0,0,0,0,0,0,0,0,0,0,0,0,0,0,0,0,0,0,0,SEA,NYA,0,30,0,4,0
olivj001,NYA200010100,7,2,4,3,0,1,0,0,1,0,0,0,0,0,0,0,0,0,0,0,0,SEA,NYA,0,30,0,4,0
belld002,NYA200010100,8,5,4,4,2,0,0,0,0,2,0,0,0,0,0,0,0,0,0,0,0,SEA,NYA,0,30,0,4,0
mclem001,NYA200010100,9,4,4,4,1,0,1,0,0,0,1,0,0,0,0,0,0,0,0,0,0,SEA,NYA,0,30,0,4,0
knobc001,NYA200010110,1,10,5,4,2,1,1,1,0,1,1,0,0,0,0,0,0,0,0,0,0,NYA,SEA,1,30,0,4,0
jeted001,NYA200010110,2,6,5,4,2,1,1,2,1,1,0,0,1,0,0,0,0,0,0,0,0,NYA,SEA,1,30,0,4,0
justd001,NYA200010110,3,7,5,4,1,1,1,0,1,0,1,0,0,0,0,0,0,0,0,0,0,NYA,SEA,1,30,0,4,0
willb002,NYA200010110,4,8,4,4,1,0,1,1,0,1,0,0,0,0,0,0,0,1,0,0,0,NYA,SEA,1,30,0,4,0
martt002,NYA200010110,5,3,4,4,3,0,1,0,0,3,0,0,0,0,0,0,0,0,0,0,0,NYA,SEA,1,30,0,4,0
posaj001,NYA200010110,6,2,4,4,1,0,0,1,0,1,0,0,0,0,0,1,0,0,0,0,0,NYA,SEA,1,30,0,4,0
oneip001,NYA200010110,7,9,4,3,0,0,0,1,0,0,0,0,0,0,0,0,0,0,0,0,1,NYA,SEA,1,30,0,4,0
sojol001,NYA200010110,8,4,4,4,1,0,1,0,1,1,0,0,0,0,0,0,0,0,0,0,0,NYA,SEA,1,30,0,4,0
bross001,NYA200010110,9,5,3,3,2,0,0,0,0,2,0,0,0,0,0,0,0,0,0,0,0,NYA,SEA,1,30,0,4,0
vizcj001,NYA200010110,9,12,1,1,1,0,1,1,0,0,1,0,0,0,1,0,0,0,0,0,0,NYA,SEA,1,30,0,4,0
camem001,NYA200010110,1,8,4,3,0,1,1,0,2,0,0,0,0,0,1,0,0,0,0,0,0,SEA,NYA,0,30,0,4,0
javis001,NYA200010110,2,9,4,4,1,0,0,1,1,1,0,0,0,0,0,0,0,0,0,0,0,SEA,NYA,0,30,0,4,0
rodra001,NYA200010110,3,6,4,4,1,0,0,0,2,1,0,0,0,0,0,0,0,0,0,0,0,SEA,NYA,0,30,0,4,0
marte001,NYA200010110,4,10,4,3,1,1,0,0,1,1,0,0,0,0,0,0,0,0,0,0,0,SEA,NYA,0,30,0,4,0
olerj001,NYA200010110,5,3,4,4,2,0,0,0,0,1,1,0,0,0,0,0,0,1,0,0,0,SEA,NYA,0,30,0,4,0
marta001,NYA200010110,6,7,4,3,1,1,0,0,0,0,1,0,0,0,0,0,1,0,0,0,0,SEA,NYA,0,30,0,4,0
belld002,NYA200010110,7,5,4,4,0,0,0,0,0,0,0,0,0,0,0,0,0,0,0,0,0,SEA,NYA,0,30,0,4,0
wilsd001,NYA200010110,8,2,3,3,0,0,0,0,1,0,0,0,0,0,0,0,0,0,0,0,0,SEA,NYA,0,30,0,4,0
ibanr001,NYA200010110,8,11,1,1,0,0,0,0,0,0,0,0,0,0,0,0,0,0,0,0,0,SEA,NYA,0,30,0,4,0
mclem001,NYA200010110,9,4,3,3,1,0,0,0,0,0,1,0,0,0,0,0,0,0,0,0,0,SEA,NYA,0,30,0,4,0
hendr001,SEA200010130,1,7,4,4,1,0,1,0,0,0,1,0,0,0,0,0,0,0,0,0,0,SEA,NYA,1,30,0,4,0
camem001,SEA200010130,2,8,4,4,2,0,1,1,1,2,0,0,0,0,0,0,0,0,0,0,0,SEA,NYA,1,30,0,4,0
rodra001,SEA200010130,3,6,4,4,2,0,0,0,1,2,0,0,0,0,1,0,0,0,0,0,0,SEA,NYA,1,30,0,4,0
marte001,SEA200010130,4,10,4,4,2,0,0,1,1,2,0,0,0,0,0,0,0,0,0,0,0,SEA,NYA,1,30,0,4,0
buhnj001,SEA200010130,5,9,3,3,0,0,0,0,1,0,0,0,0,0,0,0,0,0,0,0,0,SEA,NYA,1,30,0,4,0
javis001,SEA200010130,5,11,1,1,0,0,0,0,0,0,0,0,0,0,0,0,0,0,0,0,0,SEA,NYA,1,30,0,4,0
olerj001,SEA200010130,6,3,4,4,1,0,0,0,0,1,0,0,0,0,0,0,0,0,0,0,0,SEA,NYA,1,30,0,4,0
belld002,SEA200010130,7,5,3,3,1,0,0,0,0,1,0,0,0,0,0,0,0,0,0,0,0,SEA,NYA,1,30,0,4,0
marta001,SEA200010130,7,11,1,1,0,0,0,0,0,0,0,0,0,0,0,0,0,0,0,0,0,SEA,NYA,1,30,0,4,0
olivj001,SEA200010130,8,2,3,3,1,0,0,0,0,1,0,0,0,0,0,0,0,1,0,0,0,SEA,NYA,1,30,0,4,0
ibanr001,SEA200010130,8,11,1,1,0,0,0,0,0,0,0,0,0,0,0,0,0,0,0,0,0,SEA,NYA,1,30,0,4,0
mclem001,SEA200010130,9,4,4,2,0,1,0,0,0,0,0,0,0,0,0,0,0,0,0,1,0,SEA,NYA,1,30,0,4,0
knobc001,SEA200010130,1,10,5,5,2,0,1,1,1,2,0,0,0,0,0,0,0,0,0,0,0,NYA,SEA,0,30,0,4,0
jeted001,SEA200010130,2,6,5,4,1,1,2,0,1,1,0,0,0,0,0,0,0,0,0,0,0,NYA,SEA,0,30,0,4,0
justd001,SEA200010130,3,7,5,5,2,0,0,3,1,1,1,0,0,0,0,0,0,1,0,0,0,NYA,SEA,0,30,0,4,0
bellc001,SEA200010130,3,12,0,0,0,0,0,0,0,0,0,0,0,0,0,0,0,0,0,0,0,NYA,SEA,0,30,0,4,0
willb002,SEA200010130,4,8,5,4,3,0,2,2,0,2,0,0,1,0,0,0,0,0,0,0,1,NYA,SEA,0,30,0,4,0
martt002,SEA200010130,5,3,5,5,2,0,1,1,1,1,0,0,1,0,0,0,0,0,0,0,0,NYA,SEA,0,30,0,4,0
posaj001,SEA200010130,6,2,4,4,0,0,0,0,2,0,0,0,0,0,0,0,0,0,0,0,0,NYA,SEA,0,30,0,4,0
oneip001,SEA200010130,7,9,4,4,1,0,0,1,0,1,0,0,0,0,0,0,0,0,0,0,0,NYA,SEA,0,30,0,4,0
sojol001,SEA200010130,8,4,4,4,1,0,0,0,0,1,0,0,0,0,0,0,0,0,0,0,0,NYA,SEA,0,30,0,4,0
vizcj001,SEA200010130,8,12,0,0,0,0,1,0,0,0,0,0,0,0,1,0,0,0,0,0,0,NYA,SEA,0,30,0,4,0
bross001,SEA200010130,9,5,4,3,1,1,1,0,1,1,0,0,0,0,0,1,0,0,0,0,0,NYA,SEA,0,30,0,4,0
javis001,SEA200010140,1,9,4,4,0,0,0,0,3,0,0,0,0,0,0,0,0,0,0,0,0,SEA,NYA,1,30,0,4,0
marta001,SEA200010140,2,7,4,4,1,0,0,0,2,0,1,0,0,0,0,0,0,0,0,0,0,SEA,NYA,1,30,0,4,0
rodra001,SEA200010140,3,6,4,3,0,1,0,0,2,0,0,0,0,0,0,0,0,0,0,0,0,SEA,NYA,1,30,0,4,0
marte001,SEA200010140,4,10,3,3,0,0,0,0,1,0,0,0,0,0,0,0,0,0,0,0,0,SEA,NYA,1,30,0,4,0
olerj001,SEA200010140,5,3,3,2,0,1,0,0,0,0,0,0,0,0,0,0,0,0,0,0,0,SEA,NYA,1,30,0,4,0
camem001,SEA200010140,6,8,3,3,0,0,0,0,2,0,0,0,0,0,0,0,0,0,0,0,0,SEA,NYA,1,30,0,4,0
guilc001,SEA200010140,7,5,3,3,0,0,0,0,2,0,0,0,0,0,0,0,0,0,0,0,0,SEA,NYA,1,30,0,4,0
belld002,SEA200010140,8,4,3,3,0,0,0,0,0,0,0,0,0,0,0,0,0,0,0,0,0,SEA,NYA,1,30,0,4,0
wilsd001,SEA200010140,9,2,2,2,0,0,0,0,2,0,0,0,0,0,0,0,0,0,0,0,0,SEA,NYA,1,30,0,4,0
ibanr001,SEA200010140,9,11,1,1,0,0,0,0,1,0,0,0,0,0,0,0,0,0,0,0,0,SEA,NYA,1,30,0,4,0
olivj001,SEA200010140,9,2,0,0,0,0,0,0,0,0,0,0,0,0,0,0,0,0,0,0,0,SEA,NYA,1,30,0,4,0
knobc001,SEA200010140,1,10,4,3,0,1,1,0,1,0,0,0,0,0,0,0,0,0,0,0,0,NYA,SEA,0,30,0,4,0
jeted001,SEA200010140,2,6,4,3,1,1,2,3,0,0,0,0,1,0,0,0,0,0,0,0,0,NYA,SEA,0,30,0,4,0
justd001,SEA200010140,3,7,4,3,1,1,1,2,0,0,0,0,1,0,0,0,0,0,0,0,0,NYA,SEA,0,30,0,4,0
bellc001,SEA200010140,3,7,0,0,0,0,0,0,0,0,0,0,0,0,0,0,0,0,0,0,0,NYA,SEA,0,30,0,4,0
willb002,SEA200010140,4,8,4,4,1,0,0,0,0,1,0,0,0,0,1,0,0,0,0,0,0,NYA,SEA,0,30,0,4,0
martt002,SEA200010140,5,3,4,4,0,0,0,0,2,0,0,0,0,0,0,0,0,0,0,0,0,NYA,SEA,0,30,0,4,0
posaj001,SEA200010140,6,2,4,3,0,1,0,0,0,0,0,0,0,0,0,0,0,0,0,0,0,NYA,SEA,0,30,0,4,0
oneip001,SEA200010140,7,9,4,4,1,0,0,0,1,1,0,0,0,0,0,0,0,0,0,0,0,NYA,SEA,0,30,0,4,0
sojol001,SEA200010140,8,4,4,4,0,0,0,0,0,0,0,0,0,0,0,0,0,0,0,0,0,NYA,SEA,0,30,0,4,0
bross001,SEA200010140,9,5,4,4,1,0,1,0,0,1,0,0,0,0,0,0,0,0,0,0,0,NYA,SEA,0,30,0,4,0
hendr001,SEA200010150,1,7,4,3,0,1,1,0,1,0,0,0,0,0,0,0,0,0,0,0,0,SEA,NYA,1,30,0,4,0
ibanr001,SEA200010150,1,7,1,1,0,0,0,0,0,0,0,0,0,0,0,0,0,0,0,0,0,SEA,NYA,1,30,0,4,0
camem001,SEA200010150,2,8,5,3,0,1,1,0,0,0,0,0,0,0,0,0,0,0,0,1,0,SEA,NYA,1,30,0,4,0
rodra001,SEA200010150,3,6,4,3,1,1,1,2,1,1,0,0,0,0,0,0,0,0,0,0,0,SEA,NYA,1,30,0,4,0
marte001,SEA200010150,4,10,4,3,1,1,1,2,0,0,0,0,1,0,0,0,0,0,0,0,0,SEA,NYA,1,30,0,4,0
olerj001,SEA200010150,5,3,4,3,2,0,1,2,0,1,0,0,1,0,1,0,0,0,0,0,1,SEA,NYA,1,30,0,4,0
buhnj001,SEA200010150,6,9,4,4,2,0,0,0,2,2,0,0,0,0,0,0,0,0,0,0,0,SEA,NYA,1,30,0,4,0
gipsc001,SEA200010150,6,9,0,0,0,0,0,0,0,0,0,0,0,0,0,0,0,0,0,0,0,SEA,NYA,1,30,0,4,0
belld002,SEA200010150,7,5,4,4,1,0,0,0,0,1,0,0,0,0,0,0,0,0,0,0,0,SEA,NYA,1,30,0,4,0
wilsd001,SEA200010150,8,2,4,3,0,1,0,0,0,0,0,0,0,0,0,0,0,0,0,0,0,SEA,NYA,1,30,0,4,0
mclem001,SEA200010150,9,4,4,3,1,1,1,0,1,1,0,0,0,0,0,0,0,0,0,0,0,SEA,NYA,1,30,0,4,0
knobc001,SEA200010150,1,10,5,4,0,0,0,0,2,0,0,0,0,1,0,0,0,0,0,0,0,NYA,SEA,0,30,0,4,0
jeted001,SEA200010150,2,6,5,4,2,1,0,0,1,2,0,0,0,0,0,0,0,0,0,0,0,NYA,SEA,0,30,0,4,0
justd001,SEA200010150,3,7,5,5,0,0,0,0,2,0,0,0,0,0,0,0,0,0,0,0,0,NYA,SEA,0,30,0,4,0
willb002,SEA200010150,4,8,5,3,1,1,0,0,0,0,1,0,0,1,0,0,0,0,0,0,0,NYA,SEA,0,30,0,4,0
martt002,SEA200010150,5,3,5,4,1,1,1,0,0,0,1,0,0,0,0,0,0,0,0,0,0,NYA,SEA,0,30,0,4,0
posaj001,SEA200010150,6,2,5,3,1,2,1,0,1,1,0,0,0,0,0,0,0,0,0,0,0,NYA,SEA,0,30,0,4,0
oneip001,SEA200010150,7,9,3,2,1,1,0,0,0,1,0,0,0,0,0,0,0,0,0,0,0,NYA,SEA,0,30,0,4,0
hillg001,SEA200010150,7,11,1,1,0,0,0,0,1,0,0,0,0,0,0,0,0,0,0,0,0,NYA,SEA,0,30,0,4,0
bellc001,SEA200010150,7,7,0,0,0,0,0,0,0,0,0,0,0,0,0,0,0,0,0,0,0,NYA,SEA,0,30,0,4,0
polol001,SEA200010150,7,11,1,1,0,0,0,0,1,0,0,0,0,0,0,0,0,0,0,0,0,NYA,SEA,0,30,0,4,0
sojol001,SEA200010150,8,4,5,5,2,0,0,2,1,1,1,0,0,0,0,0,0,0,0,0,0,NYA,SEA,0,30,0,4,0
bross001,SEA200010150,9,5,4,3,0,1,0,0,0,0,0,0,0,0,0,0,0,0,0,0,0,NYA,SEA,0,30,0,4,0
knobc001,NYA200010170,1,10,5,3,0,1,0,0,0,0,0,0,0,0,0,0,0,0,0,1,0,NYA,SEA,1,30,0,4,0
jeted001,NYA200010170,2,6,5,4,1,1,1,0,1,1,0,0,0,0,1,0,0,0,0,0,0,NYA,SEA,1,30,0,4,0
justd001,NYA200010170,3,7,5,5,2,0,2,3,1,1,0,0,1,0,0,0,0,0,0,0,0,NYA,SEA,1,30,0,4,0
bellc001,NYA200010170,3,7,0,0,0,0,0,0,0,0,0,0,0,0,0,0,0,0,0,0,0,NYA,SEA,1,30,0,4,0
willb002,NYA200010170,4,8,5,4,3,1,2,0,1,3,0,0,0,0,0,0,1,0,0,0,0,NYA,SEA,1,30,0,4,0
martt002,NYA200010170,5,3,5,4,1,1,2,0,0,0,1,0,0,0,0,0,0,1,0,0,0,NYA,SEA,1,30,0,4,0
posaj001,NYA200010170,6,2,4,3,1,1,1,2,1,0,1,0,0,0,0,0,1,0,0,0,0,NYA,SEA,1,30,0,4,0
oneip001,NYA200010170,7,9,4,4,2,0,0,3,0,2,0,0,0,0,0,0,0,0,0,0,0,NYA,SEA,1,30,0,4,0
sojol001,NYA200010170,8,4,4,2,0,2,0,0,0,0,0,0,0,0,0,0,0,0,0,0,0,NYA,SEA,1,30,0,4,0
bross001,NYA200010170,9,5,2,2,0,0,0,0,1,0,0,0,0,0,0,0,0,0,0,0,0,NYA,SEA,1,30,0,4,0
vizcj001,NYA200010170,9,11,2,1,1,0,1,1,0,1,0,0,0,0,0,0,0,0,0,0,1,NYA,SEA,1,30,0,4,0
javis001,NYA200010170,1,8,5,5,0,0,0,0,0,0,0,0,0,0,0,0,0,0,0,0,0,SEA,NYA,0,30,0,4,0
marta001,NYA200010170,2,7,4,3,0,1,1,0,1,0,0,0,0,0,0,0,0,0,0,0,0,SEA,NYA,0,30,0,4,0
camem001,NYA200010170,2,8,1,1,0,0,0,0,0,0,0,0,0,0,0,0,0,0,0,0,0,SEA,NYA,0,30,0,4,0
rodra001,NYA200010170,3,6,5,5,4,0,2,2,1,1,2,0,1,0,0,0,0,0,0,0,0,SEA,NYA,0,30,0,4,0
marte001,NYA200010170,4,10,5,4,1,1,1,1,2,0,1,0,0,0,0,0,0,0,0,0,0,SEA,NYA,0,30,0,4,0
olerj001,NYA200010170,5,3,4,3,2,1,2,0,0,0,2,0,0,0,0,0,1,0,0,0,0,SEA,NYA,0,30,0,4,0
ibanr001,NYA200010170,6,9,4,4,0,0,0,0,1,0,0,0,0,0,0,0,0,0,0,0,0,SEA,NYA,0,30,0,4,0
guilc001,NYA200010170,7,5,4,2,1,2,1,2,0,0,0,0,1,0,0,1,0,0,0,0,0,SEA,NYA,0,30,0,4,0
mclem001,NYA200010170,8,4,4,4,1,0,0,2,0,0,1,0,0,0,0,0,0,0,0,0,0,SEA,NYA,0,30,0,4,0
wilsd001,NYA200010170,9,2,3,3,1,0,0,0,2,1,0,0,0,0,0,0,0,0,0,0,0,SEA,NYA,0,30,0,4,0
buhnj001,NYA200010170,9,11,1,1,0,0,0,0,1,0,0,0,0,0,0,0,0,0,0,0,0,SEA,NYA,0,30,0,4,0
olivj001,NYA200010170,9,2,0,0,0,0,0,0,0,0,0,0,0,0,0,0,0,0,0,0,0,SEA,NYA,0,30,0,4,0
